id_ticket,id_evento,id_cliente,sector,precio,estado,fecha_compra
T0000001,E001,C0001,Graderia,15000.0,emitido,2025-08-17
T0000002,E003,C0002,VIP,85000.0,emitido,2025-08-05
T0000003,E003,C0002,Graderia,18000.0,emitido,2025-08-10
T0000004,E003,C0003,Gramilla,32000.0,emitido,2025-07-31
T0000005,E002,C0004,Graderia,20000.0,emitido,2025-08-13
T0000006,E001,C0005,Gramilla,30000.0,emitido,2025-08-16
T0000007,E001,C0007,Gramilla,30000.0,emitido,2025-07-26
T0000008,E002,C0008,Graderia,20000.0,emitido,2025-08-19
T0000009,E002,C0009,Gramilla,35000.0,emitido,2025-08-23
T0000010,E001,C0010,Graderia,15000.0,emitido,2025-08-04
T0000011,E003,C0010,Gramilla,32000.0,emitido,2025-07-29
T0000012,E003,C0011,Gramilla,32000.0,emitido,2025-08-08
T0000013,E001,C0011,Graderia,15000.0,emitido,2025-07-29
T0000014,E001,C0013,VIP,80000.0,emitido,2025-07-26
T0000015,E003,C0013,Graderia,18000.0,emitido,2025-08-01
T0000016,E003,C0014,Gramilla,32000.0,emitido,2025-08-13
T0000017,E002,C0016,Graderia,20000.0,emitido,2025-08-05
T0000018,E002,C0016,Graderia,20000.0,emitido,2025-08-14
T0000019,E001,C0017,Gramilla,30000.0,emitido,2025-08-02
T0000020,E001,C0018,Graderia,15000.0,emitido,2025-08-12
T0000021,E001,C0018,Gramilla,30000.0,emitido,2025-08-18
T0000022,E003,C0020,Gramilla,32000.0,emitido,2025-08-12
T0000023,E001,C0021,Graderia,15000.0,emitido,2025-07-30
T0000024,E003,C0022,Graderia,18000.0,emitido,2025-08-01
T0000025,E002,C0026,Graderia,20000.0,emitido,2025-08-02
T0000026,E003,C0027,VIP,85000.0,emitido,2025-07-26
T0000027,E001,C0028,VIP,80000.0,emitido,2025-08-04
T0000028,E001,C0029,Gramilla,30000.0,emitido,2025-08-18
T0000029,E001,C0030,Gramilla,30000.0,emitido,2025-08-14
T0000030,E003,C0031,VIP,85000.0,emitido,2025-08-04
T0000031,E003,C0032,Graderia,18000.0,emitido,2025-08-25
T0000032,E002,C0033,Graderia,20000.0,emitido,2025-07-30
T0000033,E001,C0035,Graderia,15000.0,emitido,2025-08-22
T0000034,E003,C0035,Graderia,18000.0,emitido,2025-08-19
T0000035,E002,C0037,Graderia,20000.0,emitido,2025-07-26
T0000036,E003,C0038,Graderia,18000.0,emitido,2025-08-04
T0000037,E003,C0040,Gramilla,32000.0,emitido,2025-08-23
T0000038,E002,C0040,Graderia,20000.0,emitido,2025-08-08
T0000039,E003,C0041,Graderia,18000.0,emitido,2025-08-10
T0000040,E001,C0044,VIP,80000.0,emitido,2025-07-27
T0000041,E001,C0044,Graderia,15000.0,emitido,2025-07-28
T0000042,E001,C0047,Gramilla,30000.0,emitido,2025-08-17
T0000043,E002,C0049,Graderia,20000.0,emitido,2025-08-19
T0000044,E003,C0050,Gramilla,32000.0,emitido,2025-07-27
T0000045,E001,C0050,Graderia,15000.0,emitido,2025-08-07
T0000046,E002,C0051,Gramilla,35000.0,emitido,2025-08-08
T0000047,E002,C0051,Graderia,20000.0,emitido,2025-08-02
T0000048,E003,C0052,Graderia,18000.0,emitido,2025-08-02
T0000049,E002,C0052,Graderia,20000.0,emitido,2025-08-12
T0000050,E003,C0053,Gramilla,32000.0,emitido,2025-07-26
T0000051,E002,C0054,Graderia,20000.0,emitido,2025-08-17
T0000052,E002,C0054,Graderia,20000.0,emitido,2025-08-14
T0000053,E001,C0055,Gramilla,30000.0,emitido,2025-08-04
T0000054,E002,C0056,Gramilla,35000.0,emitido,2025-08-03
T0000055,E001,C0056,Graderia,15000.0,emitido,2025-08-21
T0000056,E001,C0057,Gramilla,30000.0,emitido,2025-08-15
T0000057,E002,C0057,Graderia,20000.0,emitido,2025-08-25
T0000058,E001,C0059,Graderia,15000.0,emitido,2025-08-20
T0000059,E002,C0059,Graderia,20000.0,emitido,2025-08-08
T0000060,E001,C0060,Graderia,15000.0,emitido,2025-08-23
T0000061,E002,C0061,Graderia,20000.0,emitido,2025-08-12
T0000062,E002,C0061,Gramilla,35000.0,emitido,2025-08-02
T0000063,E002,C0065,Graderia,20000.0,emitido,2025-08-17
T0000064,E001,C0066,Graderia,15000.0,emitido,2025-08-17
T0000065,E001,C0067,Graderia,15000.0,emitido,2025-07-26
T0000066,E003,C0068,Gramilla,32000.0,emitido,2025-08-11
T0000067,E002,C0069,Graderia,20000.0,emitido,2025-08-06
T0000068,E002,C0070,Graderia,20000.0,emitido,2025-07-30
T0000069,E003,C0070,VIP,85000.0,emitido,2025-08-21
T0000070,E003,C0071,Graderia,18000.0,emitido,2025-08-15
T0000071,E002,C0072,Graderia,20000.0,emitido,2025-08-03
T0000072,E002,C0076,Graderia,20000.0,emitido,2025-07-27
T0000073,E003,C0077,Graderia,18000.0,emitido,2025-08-01
T0000074,E002,C0078,VIP,90000.0,emitido,2025-08-19
T0000075,E002,C0078,Gramilla,35000.0,emitido,2025-07-30
T0000076,E003,C0082,Graderia,18000.0,emitido,2025-08-17
T0000077,E002,C0086,Gramilla,35000.0,emitido,2025-08-08
T0000078,E003,C0086,VIP,85000.0,emitido,2025-07-29
T0000079,E002,C0088,Gramilla,35000.0,emitido,2025-07-31
T0000080,E003,C0088,Gramilla,32000.0,emitido,2025-07-27
T0000081,E003,C0089,Gramilla,32000.0,emitido,2025-08-20
T0000082,E003,C0089,Gramilla,32000.0,emitido,2025-08-07
T0000083,E002,C0092,Graderia,20000.0,emitido,2025-08-22
T0000084,E002,C0092,Graderia,20000.0,emitido,2025-08-02
T0000085,E003,C0093,Graderia,18000.0,emitido,2025-08-14
T0000086,E003,C0094,Gramilla,32000.0,emitido,2025-08-21
T0000087,E002,C0094,VIP,90000.0,emitido,2025-08-10
T0000088,E001,C0095,Graderia,15000.0,emitido,2025-07-26
T0000089,E001,C0097,Gramilla,30000.0,emitido,2025-08-14
T0000090,E003,C0098,Graderia,18000.0,emitido,2025-08-23
T0000091,E001,C0099,Graderia,15000.0,emitido,2025-08-15
T0000092,E003,C0099,Graderia,18000.0,emitido,2025-07-31
T0000093,E001,C0100,Gramilla,30000.0,emitido,2025-08-08
T0000094,E001,C0100,Graderia,15000.0,emitido,2025-08-12
T0000095,E001,C0102,Graderia,15000.0,emitido,2025-08-04
T0000096,E003,C0103,VIP,85000.0,emitido,2025-08-11
T0000097,E003,C0104,Graderia,18000.0,emitido,2025-08-17
T0000098,E003,C0107,Graderia,18000.0,emitido,2025-08-15
T0000099,E003,C0108,VIP,85000.0,emitido,2025-08-09
T0000100,E002,C0110,Gramilla,35000.0,emitido,2025-08-14
T0000101,E001,C0111,Gramilla,30000.0,emitido,2025-08-03
T0000102,E002,C0114,Graderia,20000.0,emitido,2025-08-16
T0000103,E001,C0115,Gramilla,30000.0,emitido,2025-08-12
T0000104,E002,C0116,Graderia,20000.0,emitido,2025-08-05
T0000105,E001,C0117,Gramilla,30000.0,emitido,2025-08-10
T0000106,E002,C0117,Graderia,20000.0,emitido,2025-08-15
T0000107,E002,C0122,VIP,90000.0,emitido,2025-08-09
T0000108,E003,C0124,Gramilla,32000.0,emitido,2025-08-10
T0000109,E001,C0125,Graderia,15000.0,emitido,2025-08-17
T0000110,E002,C0126,Gramilla,35000.0,emitido,2025-08-01
T0000111,E001,C0128,Graderia,15000.0,emitido,2025-08-08
T0000112,E001,C0130,Gramilla,30000.0,emitido,2025-08-11
T0000113,E003,C0130,Graderia,18000.0,emitido,2025-08-12
T0000114,E001,C0131,Graderia,15000.0,emitido,2025-08-24
T0000115,E002,C0131,Graderia,20000.0,emitido,2025-07-29
T0000116,E001,C0133,Graderia,15000.0,emitido,2025-08-02
T0000117,E003,C0133,Gramilla,32000.0,emitido,2025-07-29
T0000118,E001,C0136,Gramilla,30000.0,emitido,2025-07-31
T0000119,E002,C0137,Gramilla,35000.0,emitido,2025-08-20
T0000120,E002,C0138,Gramilla,35000.0,emitido,2025-07-26
T0000121,E002,C0142,VIP,90000.0,emitido,2025-08-17
T0000122,E003,C0142,Graderia,18000.0,emitido,2025-07-29
T0000123,E002,C0143,Gramilla,35000.0,emitido,2025-08-01
T0000124,E003,C0145,Graderia,18000.0,emitido,2025-08-12
T0000125,E001,C0146,Graderia,15000.0,emitido,2025-08-02
T0000126,E002,C0147,Graderia,20000.0,emitido,2025-08-10
T0000127,E002,C0147,Gramilla,35000.0,emitido,2025-07-29
T0000128,E002,C0151,VIP,90000.0,emitido,2025-07-31
T0000129,E002,C0152,Gramilla,35000.0,emitido,2025-08-10
T0000130,E002,C0153,Gramilla,35000.0,emitido,2025-08-21
T0000131,E003,C0153,VIP,85000.0,emitido,2025-07-31
T0000132,E001,C0154,Graderia,15000.0,emitido,2025-08-05
T0000133,E001,C0156,Graderia,15000.0,emitido,2025-08-25
T0000134,E001,C0158,VIP,80000.0,emitido,2025-08-16
T0000135,E001,C0158,VIP,80000.0,emitido,2025-07-28
T0000136,E002,C0159,Graderia,20000.0,emitido,2025-08-04
T0000137,E002,C0161,Gramilla,35000.0,emitido,2025-08-01
T0000138,E003,C0162,Graderia,18000.0,emitido,2025-08-19
T0000139,E001,C0163,Gramilla,30000.0,emitido,2025-08-11
T0000140,E001,C0164,VIP,80000.0,emitido,2025-08-12
T0000141,E001,C0166,Gramilla,30000.0,emitido,2025-08-22
T0000142,E002,C0167,Graderia,20000.0,emitido,2025-08-01
T0000143,E003,C0172,Gramilla,32000.0,emitido,2025-08-11
T0000144,E003,C0173,Graderia,18000.0,emitido,2025-08-12
T0000145,E001,C0175,Graderia,15000.0,emitido,2025-08-22
T0000146,E002,C0176,Graderia,20000.0,emitido,2025-08-21
T0000147,E001,C0177,Gramilla,30000.0,emitido,2025-08-06
T0000148,E001,C0179,Gramilla,30000.0,emitido,2025-08-04
T0000149,E002,C0179,Graderia,20000.0,emitido,2025-08-06
T0000150,E002,C0180,Gramilla,35000.0,emitido,2025-07-31
T0000151,E002,C0183,Gramilla,35000.0,emitido,2025-08-23
T0000152,E002,C0184,VIP,90000.0,emitido,2025-08-21
T0000153,E002,C0184,VIP,90000.0,emitido,2025-08-07
T0000154,E001,C0185,Gramilla,30000.0,emitido,2025-07-26
T0000155,E001,C0187,Graderia,15000.0,emitido,2025-08-24
T0000156,E003,C0190,Gramilla,32000.0,emitido,2025-08-12
T0000157,E003,C0191,Gramilla,32000.0,emitido,2025-08-06
T0000158,E001,C0192,Gramilla,30000.0,emitido,2025-08-19
T0000159,E003,C0194,Gramilla,32000.0,emitido,2025-07-30
T0000160,E001,C0197,Graderia,15000.0,emitido,2025-08-23
T0000161,E001,C0199,Graderia,15000.0,emitido,2025-08-02
T0000162,E001,C0201,Gramilla,30000.0,emitido,2025-08-20
T0000163,E003,C0202,Gramilla,32000.0,emitido,2025-08-02
T0000164,E003,C0203,Gramilla,32000.0,emitido,2025-08-17
T0000165,E002,C0205,Gramilla,35000.0,emitido,2025-08-17
T0000166,E003,C0205,Graderia,18000.0,emitido,2025-08-03
T0000167,E001,C0208,Graderia,15000.0,emitido,2025-08-07
T0000168,E001,C0209,VIP,80000.0,emitido,2025-08-04
T0000169,E001,C0211,VIP,80000.0,emitido,2025-08-25
T0000170,E002,C0212,VIP,90000.0,emitido,2025-08-20
T0000171,E003,C0215,Gramilla,32000.0,emitido,2025-08-18
T0000172,E002,C0215,Graderia,20000.0,emitido,2025-07-27
T0000173,E002,C0217,Graderia,20000.0,emitido,2025-08-04
T0000174,E001,C0219,VIP,80000.0,emitido,2025-08-23
T0000175,E002,C0219,VIP,90000.0,emitido,2025-08-01
T0000176,E001,C0221,Graderia,15000.0,emitido,2025-08-16
T0000177,E003,C0222,Graderia,18000.0,emitido,2025-08-14
T0000178,E001,C0223,Gramilla,30000.0,emitido,2025-08-08
T0000179,E002,C0225,Graderia,20000.0,emitido,2025-08-08
T0000180,E001,C0226,VIP,80000.0,emitido,2025-08-25
T0000181,E003,C0226,Graderia,18000.0,emitido,2025-08-02
T0000182,E001,C0228,Graderia,15000.0,emitido,2025-07-26
T0000183,E003,C0229,Graderia,18000.0,emitido,2025-08-24
T0000184,E001,C0229,VIP,80000.0,emitido,2025-08-09
T0000185,E002,C0230,VIP,90000.0,emitido,2025-08-23
T0000186,E003,C0230,Graderia,18000.0,emitido,2025-08-21
T0000187,E001,C0232,Graderia,15000.0,emitido,2025-07-26
T0000188,E002,C0233,VIP,90000.0,emitido,2025-08-13
T0000189,E001,C0236,VIP,80000.0,emitido,2025-08-21
T0000190,E001,C0238,Graderia,15000.0,emitido,2025-08-15
T0000191,E001,C0239,Graderia,15000.0,emitido,2025-08-11
T0000192,E001,C0240,Gramilla,30000.0,emitido,2025-08-16
T0000193,E002,C0243,Graderia,20000.0,emitido,2025-08-03
T0000194,E001,C0243,VIP,80000.0,emitido,2025-08-13
T0000195,E002,C0244,Gramilla,35000.0,emitido,2025-08-20
T0000196,E002,C0245,Gramilla,35000.0,emitido,2025-08-08
T0000197,E001,C0246,Graderia,15000.0,emitido,2025-08-24
T0000198,E002,C0249,Gramilla,35000.0,emitido,2025-07-26
T0000199,E003,C0249,Graderia,18000.0,emitido,2025-08-07
T0000200,E001,C0250,VIP,80000.0,emitido,2025-08-19
T0000201,E003,C0250,Graderia,18000.0,emitido,2025-08-21
T0000202,E002,C0251,Graderia,20000.0,emitido,2025-07-26
T0000203,E002,C0251,Graderia,20000.0,emitido,2025-07-27
T0000204,E002,C0252,Graderia,20000.0,emitido,2025-08-13
T0000205,E003,C0252,Graderia,18000.0,emitido,2025-08-14
T0000206,E002,C0253,Graderia,20000.0,emitido,2025-08-21
T0000207,E001,C0254,Gramilla,30000.0,emitido,2025-08-10
T0000208,E001,C0255,Graderia,15000.0,emitido,2025-08-13
T0000209,E003,C0256,Graderia,18000.0,emitido,2025-07-31
T0000210,E002,C0257,Gramilla,35000.0,emitido,2025-08-14
T0000211,E002,C0258,VIP,90000.0,emitido,2025-08-09
T0000212,E002,C0258,Graderia,20000.0,emitido,2025-08-20
T0000213,E001,C0259,VIP,80000.0,emitido,2025-08-01
T0000214,E002,C0260,Gramilla,35000.0,emitido,2025-08-01
T0000215,E003,C0260,VIP,85000.0,emitido,2025-08-20
T0000216,E002,C0261,Gramilla,35000.0,emitido,2025-07-31
T0000217,E001,C0263,Gramilla,30000.0,emitido,2025-07-31
T0000218,E002,C0263,Graderia,20000.0,emitido,2025-07-30
T0000219,E002,C0265,Gramilla,35000.0,emitido,2025-08-03
T0000220,E003,C0266,Gramilla,32000.0,emitido,2025-07-26
T0000221,E001,C0267,Gramilla,30000.0,emitido,2025-07-31
T0000222,E002,C0269,Graderia,20000.0,emitido,2025-08-24
T0000223,E003,C0270,Graderia,18000.0,emitido,2025-08-15
T0000224,E003,C0272,Graderia,18000.0,emitido,2025-07-31
T0000225,E003,C0274,Gramilla,32000.0,emitido,2025-08-21
T0000226,E002,C0279,Gramilla,35000.0,emitido,2025-08-15
T0000227,E002,C0279,Graderia,20000.0,emitido,2025-08-20
T0000228,E002,C0281,Gramilla,35000.0,emitido,2025-08-20
T0000229,E003,C0283,Gramilla,32000.0,emitido,2025-08-18
T0000230,E003,C0283,Gramilla,32000.0,emitido,2025-08-20
T0000231,E002,C0284,Graderia,20000.0,emitido,2025-08-02
T0000232,E003,C0285,Graderia,18000.0,emitido,2025-08-01
T0000233,E003,C0287,Graderia,18000.0,emitido,2025-08-07
T0000234,E002,C0288,Gramilla,35000.0,emitido,2025-08-18
T0000235,E003,C0289,VIP,85000.0,emitido,2025-08-23
T0000236,E001,C0293,Graderia,15000.0,emitido,2025-08-23
T0000237,E003,C0294,Graderia,18000.0,emitido,2025-08-13
T0000238,E002,C0294,Gramilla,35000.0,emitido,2025-08-20
T0000239,E003,C0296,Graderia,18000.0,emitido,2025-07-30
T0000240,E003,C0297,Gramilla,32000.0,emitido,2025-08-18
T0000241,E001,C0297,Graderia,15000.0,emitido,2025-07-31
T0000242,E001,C0299,Graderia,15000.0,emitido,2025-08-20
T0000243,E001,C0301,Graderia,15000.0,emitido,2025-08-06
T0000244,E003,C0304,VIP,85000.0,emitido,2025-08-20
T0000245,E001,C0305,Graderia,15000.0,emitido,2025-08-08
T0000246,E001,C0308,Graderia,15000.0,emitido,2025-08-13
T0000247,E001,C0309,Graderia,15000.0,emitido,2025-08-25
T0000248,E002,C0309,Graderia,20000.0,emitido,2025-07-30
T0000249,E001,C0312,Gramilla,30000.0,emitido,2025-08-23
T0000250,E002,C0313,Graderia,20000.0,emitido,2025-07-28
T0000251,E001,C0315,Graderia,15000.0,emitido,2025-08-13
T0000252,E002,C0316,Graderia,20000.0,emitido,2025-08-17
T0000253,E001,C0317,Graderia,15000.0,emitido,2025-08-03
T0000254,E003,C0319,Graderia,18000.0,emitido,2025-08-01
T0000255,E002,C0320,Gramilla,35000.0,emitido,2025-08-12
T0000256,E002,C0324,Graderia,20000.0,emitido,2025-07-28
T0000257,E003,C0326,Gramilla,32000.0,emitido,2025-08-04
T0000258,E002,C0328,Graderia,20000.0,emitido,2025-08-20
T0000259,E001,C0328,Gramilla,30000.0,emitido,2025-08-21
T0000260,E003,C0329,Graderia,18000.0,emitido,2025-07-30
T0000261,E001,C0332,Graderia,15000.0,emitido,2025-08-08
T0000262,E002,C0332,Gramilla,35000.0,emitido,2025-07-29
T0000263,E001,C0333,Gramilla,30000.0,emitido,2025-08-06
T0000264,E001,C0334,Graderia,15000.0,emitido,2025-08-21
T0000265,E003,C0334,Gramilla,32000.0,emitido,2025-08-01
T0000266,E001,C0336,Gramilla,30000.0,emitido,2025-07-29
T0000267,E002,C0337,Graderia,20000.0,emitido,2025-08-05
T0000268,E001,C0338,Graderia,15000.0,emitido,2025-08-13
T0000269,E003,C0339,Graderia,18000.0,emitido,2025-08-13
T0000270,E003,C0341,Graderia,18000.0,emitido,2025-08-17
T0000271,E002,C0343,Graderia,20000.0,emitido,2025-07-30
T0000272,E002,C0343,VIP,90000.0,emitido,2025-08-04
T0000273,E001,C0344,Graderia,15000.0,emitido,2025-08-02
T0000274,E002,C0344,Gramilla,35000.0,emitido,2025-08-15
T0000275,E003,C0345,Graderia,18000.0,emitido,2025-08-11
T0000276,E003,C0346,Graderia,18000.0,emitido,2025-08-09
T0000277,E002,C0346,Gramilla,35000.0,emitido,2025-08-09
T0000278,E002,C0348,Graderia,20000.0,emitido,2025-07-29
T0000279,E001,C0349,Graderia,15000.0,emitido,2025-07-30
T0000280,E001,C0350,Graderia,15000.0,emitido,2025-07-27
T0000281,E002,C0351,Gramilla,35000.0,emitido,2025-08-09
T0000282,E003,C0352,Graderia,18000.0,emitido,2025-08-14
T0000283,E002,C0352,Gramilla,35000.0,emitido,2025-08-20
T0000284,E002,C0354,Graderia,20000.0,emitido,2025-07-28
T0000285,E001,C0355,Graderia,15000.0,emitido,2025-08-13
T0000286,E001,C0355,Graderia,15000.0,emitido,2025-08-07
T0000287,E001,C0357,Gramilla,30000.0,emitido,2025-08-17
T0000288,E003,C0359,Graderia,18000.0,emitido,2025-07-27
T0000289,E001,C0359,Gramilla,30000.0,emitido,2025-08-06
T0000290,E002,C0361,Gramilla,35000.0,emitido,2025-08-03
T0000291,E002,C0363,Graderia,20000.0,emitido,2025-08-19
T0000292,E003,C0364,Graderia,18000.0,emitido,2025-08-22
T0000293,E002,C0365,Gramilla,35000.0,emitido,2025-08-06
T0000294,E003,C0365,Graderia,18000.0,emitido,2025-08-04
T0000295,E002,C0366,Gramilla,35000.0,emitido,2025-07-29
T0000296,E003,C0367,Graderia,18000.0,emitido,2025-08-21
T0000297,E001,C0368,Gramilla,30000.0,emitido,2025-07-31
T0000298,E001,C0370,Gramilla,30000.0,emitido,2025-08-05
T0000299,E002,C0371,Graderia,20000.0,emitido,2025-08-02
T0000300,E003,C0372,Gramilla,32000.0,emitido,2025-08-15
T0000301,E002,C0374,VIP,90000.0,emitido,2025-08-04
T0000302,E001,C0375,Gramilla,30000.0,emitido,2025-07-28
T0000303,E002,C0376,Graderia,20000.0,emitido,2025-08-17
T0000304,E003,C0378,VIP,85000.0,emitido,2025-08-05
T0000305,E001,C0378,Graderia,15000.0,emitido,2025-08-18
T0000306,E002,C0380,Graderia,20000.0,emitido,2025-08-07
T0000307,E002,C0380,Graderia,20000.0,emitido,2025-08-22
T0000308,E003,C0381,Gramilla,32000.0,emitido,2025-08-06
T0000309,E001,C0381,Graderia,15000.0,emitido,2025-08-19
T0000310,E002,C0382,Gramilla,35000.0,emitido,2025-08-12
T0000311,E001,C0382,VIP,80000.0,emitido,2025-08-21
T0000312,E002,C0383,VIP,90000.0,emitido,2025-07-28
T0000313,E003,C0385,Graderia,18000.0,emitido,2025-08-23
T0000314,E001,C0386,Graderia,15000.0,emitido,2025-08-24
T0000315,E001,C0387,Gramilla,30000.0,emitido,2025-08-20
T0000316,E001,C0388,Graderia,15000.0,emitido,2025-08-12
T0000317,E003,C0388,Graderia,18000.0,emitido,2025-08-12
T0000318,E001,C0390,Gramilla,30000.0,emitido,2025-07-26
T0000319,E003,C0391,Graderia,18000.0,emitido,2025-08-04
T0000320,E001,C0392,Gramilla,30000.0,emitido,2025-08-14
T0000321,E003,C0393,Gramilla,32000.0,emitido,2025-08-20
T0000322,E002,C0394,Graderia,20000.0,emitido,2025-08-09
T0000323,E003,C0395,VIP,85000.0,emitido,2025-08-15
T0000324,E001,C0397,VIP,80000.0,emitido,2025-07-27
T0000325,E002,C0397,Graderia,20000.0,emitido,2025-08-18
T0000326,E003,C0399,Gramilla,32000.0,emitido,2025-08-22
T0000327,E001,C0400,Graderia,15000.0,emitido,2025-08-05
T0000328,E001,C0401,Gramilla,30000.0,emitido,2025-08-24
T0000329,E002,C0404,Graderia,20000.0,emitido,2025-08-22
T0000330,E001,C0405,Graderia,15000.0,emitido,2025-08-04
T0000331,E003,C0407,Gramilla,32000.0,emitido,2025-08-06
T0000332,E001,C0409,Gramilla,30000.0,emitido,2025-08-06
T0000333,E001,C0409,Graderia,15000.0,emitido,2025-07-31
T0000334,E001,C0410,Gramilla,30000.0,emitido,2025-07-30
T0000335,E003,C0411,Graderia,18000.0,emitido,2025-08-20
T0000336,E001,C0412,Gramilla,30000.0,emitido,2025-08-10
T0000337,E003,C0413,Graderia,18000.0,emitido,2025-08-22
T0000338,E003,C0416,Graderia,18000.0,emitido,2025-08-02
T0000339,E001,C0417,Graderia,15000.0,emitido,2025-08-16
T0000340,E001,C0418,VIP,80000.0,emitido,2025-07-29
T0000341,E002,C0419,Graderia,20000.0,emitido,2025-08-22
T0000342,E001,C0419,VIP,80000.0,emitido,2025-07-28
T0000343,E003,C0420,Gramilla,32000.0,emitido,2025-08-15
T0000344,E002,C0420,VIP,90000.0,emitido,2025-07-26
T0000345,E001,C0423,Graderia,15000.0,emitido,2025-08-13
T0000346,E002,C0423,Graderia,20000.0,emitido,2025-08-13
T0000347,E001,C0425,Graderia,15000.0,emitido,2025-08-03
T0000348,E002,C0429,Gramilla,35000.0,emitido,2025-08-04
T0000349,E002,C0429,Graderia,20000.0,emitido,2025-08-13
T0000350,E002,C0436,Graderia,20000.0,emitido,2025-08-23
T0000351,E003,C0437,VIP,85000.0,emitido,2025-08-09
T0000352,E003,C0439,VIP,85000.0,emitido,2025-08-09
T0000353,E001,C0440,Graderia,15000.0,emitido,2025-08-02
T0000354,E003,C0441,Gramilla,32000.0,emitido,2025-08-21
T0000355,E001,C0443,Graderia,15000.0,emitido,2025-07-27
T0000356,E001,C0443,Gramilla,30000.0,emitido,2025-08-10
T0000357,E001,C0446,Graderia,15000.0,emitido,2025-08-17
T0000358,E003,C0447,Graderia,18000.0,emitido,2025-07-30
T0000359,E003,C0448,Graderia,18000.0,emitido,2025-07-29
T0000360,E002,C0449,Gramilla,35000.0,emitido,2025-08-25
T0000361,E003,C0450,Gramilla,32000.0,emitido,2025-07-30
T0000362,E003,C0451,Gramilla,32000.0,emitido,2025-07-28
T0000363,E003,C0452,Graderia,18000.0,emitido,2025-08-15
T0000364,E001,C0453,Gramilla,30000.0,emitido,2025-08-15
T0000365,E002,C0454,Gramilla,35000.0,emitido,2025-08-14
T0000366,E001,C0456,Graderia,15000.0,emitido,2025-08-14
T0000367,E003,C0456,VIP,85000.0,emitido,2025-08-16
T0000368,E001,C0457,Graderia,15000.0,emitido,2025-08-20
T0000369,E003,C0458,Gramilla,32000.0,emitido,2025-08-22
T0000370,E002,C0458,Gramilla,35000.0,emitido,2025-08-19
T0000371,E001,C0459,Graderia,15000.0,emitido,2025-07-31
T0000372,E001,C0459,Gramilla,30000.0,emitido,2025-08-22
T0000373,E003,C0461,Gramilla,32000.0,emitido,2025-08-01
T0000374,E003,C0463,Graderia,18000.0,emitido,2025-08-10
T0000375,E003,C0464,VIP,85000.0,emitido,2025-07-30
T0000376,E001,C0465,Gramilla,30000.0,emitido,2025-08-20
T0000377,E003,C0465,Gramilla,32000.0,emitido,2025-08-22
T0000378,E002,C0466,Gramilla,35000.0,emitido,2025-08-13
T0000379,E003,C0467,Gramilla,32000.0,emitido,2025-08-17
T0000380,E002,C0468,Graderia,20000.0,emitido,2025-08-21
T0000381,E003,C0469,Gramilla,32000.0,emitido,2025-07-30
T0000382,E002,C0475,Gramilla,35000.0,emitido,2025-07-27
T0000383,E002,C0480,Gramilla,35000.0,emitido,2025-08-01
T0000384,E003,C0481,VIP,85000.0,emitido,2025-08-03
T0000385,E003,C0482,Graderia,18000.0,emitido,2025-07-29
T0000386,E001,C0483,Graderia,15000.0,emitido,2025-08-21
T0000387,E002,C0484,Gramilla,35000.0,emitido,2025-08-20
T0000388,E002,C0487,Graderia,20000.0,emitido,2025-08-08
T0000389,E001,C0488,Gramilla,30000.0,emitido,2025-08-04
T0000390,E003,C0488,Gramilla,32000.0,emitido,2025-08-18
T0000391,E003,C0490,Graderia,18000.0,emitido,2025-08-04
T0000392,E002,C0491,VIP,90000.0,emitido,2025-08-04
T0000393,E001,C0492,Gramilla,30000.0,emitido,2025-08-19
T0000394,E003,C0501,VIP,85000.0,emitido,2025-08-16
T0000395,E001,C0502,Graderia,15000.0,emitido,2025-08-20
T0000396,E003,C0502,Gramilla,32000.0,emitido,2025-08-13
T0000397,E002,C0503,Graderia,20000.0,emitido,2025-08-07
T0000398,E001,C0505,Graderia,15000.0,emitido,2025-07-27
T0000399,E003,C0506,Gramilla,32000.0,emitido,2025-08-04
T0000400,E003,C0507,Graderia,18000.0,emitido,2025-07-31
T0000401,E003,C0507,Graderia,18000.0,emitido,2025-08-18
T0000402,E001,C0509,Graderia,15000.0,emitido,2025-08-08
T0000403,E002,C0509,Graderia,20000.0,emitido,2025-08-18
T0000404,E003,C0512,Gramilla,32000.0,emitido,2025-08-08
T0000405,E002,C0515,Graderia,20000.0,emitido,2025-08-05
T0000406,E001,C0520,Graderia,15000.0,emitido,2025-08-08
T0000407,E003,C0520,Graderia,18000.0,emitido,2025-07-27
T0000408,E003,C0521,Gramilla,32000.0,emitido,2025-08-11
T0000409,E002,C0521,Graderia,20000.0,emitido,2025-07-28
T0000410,E001,C0523,Graderia,15000.0,emitido,2025-07-26
T0000411,E001,C0525,Gramilla,30000.0,emitido,2025-08-01
T0000412,E001,C0526,Graderia,15000.0,emitido,2025-07-30
T0000413,E002,C0533,Graderia,20000.0,emitido,2025-08-23
T0000414,E003,C0534,Graderia,18000.0,emitido,2025-07-30
T0000415,E001,C0534,VIP,80000.0,emitido,2025-08-12
T0000416,E002,C0535,Graderia,20000.0,emitido,2025-08-13
T0000417,E003,C0537,Graderia,18000.0,emitido,2025-08-02
T0000418,E001,C0538,Graderia,15000.0,emitido,2025-08-09
T0000419,E002,C0539,Gramilla,35000.0,emitido,2025-08-16
T0000420,E002,C0539,Graderia,20000.0,emitido,2025-07-30
T0000421,E001,C0541,Gramilla,30000.0,emitido,2025-07-31
T0000422,E001,C0543,Graderia,15000.0,emitido,2025-07-28
T0000423,E003,C0543,Gramilla,32000.0,emitido,2025-07-26
T0000424,E001,C0545,Graderia,15000.0,emitido,2025-08-07
T0000425,E001,C0546,Graderia,15000.0,emitido,2025-08-02
T0000426,E003,C0549,Graderia,18000.0,emitido,2025-08-20
T0000427,E001,C0549,Gramilla,30000.0,emitido,2025-08-17
T0000428,E003,C0550,VIP,85000.0,emitido,2025-07-29
T0000429,E001,C0553,Graderia,15000.0,emitido,2025-08-23
T0000430,E003,C0554,Graderia,18000.0,emitido,2025-08-15
T0000431,E001,C0555,Graderia,15000.0,emitido,2025-08-06
T0000432,E002,C0556,Graderia,20000.0,emitido,2025-08-06
T0000433,E002,C0559,VIP,90000.0,emitido,2025-08-20
T0000434,E001,C0560,Gramilla,30000.0,emitido,2025-08-05
T0000435,E001,C0561,Gramilla,30000.0,emitido,2025-08-15
T0000436,E002,C0561,Graderia,20000.0,emitido,2025-08-14
T0000437,E003,C0563,Gramilla,32000.0,emitido,2025-07-30
T0000438,E003,C0564,Graderia,18000.0,emitido,2025-08-02
T0000439,E003,C0564,Graderia,18000.0,emitido,2025-08-23
T0000440,E001,C0569,VIP,80000.0,emitido,2025-08-08
T0000441,E002,C0569,Gramilla,35000.0,emitido,2025-08-08
T0000442,E002,C0570,Graderia,20000.0,emitido,2025-07-28
T0000443,E003,C0570,Gramilla,32000.0,emitido,2025-08-16
T0000444,E001,C0571,Graderia,15000.0,emitido,2025-08-09
T0000445,E003,C0572,Gramilla,32000.0,emitido,2025-08-01
T0000446,E001,C0573,Gramilla,30000.0,emitido,2025-08-07
T0000447,E001,C0577,Gramilla,30000.0,emitido,2025-08-18
T0000448,E001,C0578,Gramilla,30000.0,emitido,2025-08-09
T0000449,E002,C0580,VIP,90000.0,emitido,2025-08-24
T0000450,E003,C0582,Gramilla,32000.0,emitido,2025-08-17
T0000451,E001,C0584,Graderia,15000.0,emitido,2025-08-13
T0000452,E001,C0585,Gramilla,30000.0,emitido,2025-08-13
T0000453,E002,C0587,Graderia,20000.0,emitido,2025-08-10
T0000454,E002,C0589,Graderia,20000.0,emitido,2025-08-23
T0000455,E003,C0589,Gramilla,32000.0,emitido,2025-08-19
T0000456,E003,C0590,Gramilla,32000.0,emitido,2025-08-22
T0000457,E001,C0592,Graderia,15000.0,emitido,2025-08-10
T0000458,E003,C0593,Gramilla,32000.0,emitido,2025-08-25
T0000459,E003,C0594,Graderia,18000.0,emitido,2025-08-05
T0000460,E001,C0595,Graderia,15000.0,emitido,2025-08-17
T0000461,E001,C0595,Gramilla,30000.0,emitido,2025-08-13
T0000462,E001,C0596,VIP,80000.0,emitido,2025-08-02
T0000463,E002,C0598,Gramilla,35000.0,emitido,2025-08-10
T0000464,E003,C0600,Graderia,18000.0,emitido,2025-08-07
T0000465,E001,C0600,Gramilla,30000.0,emitido,2025-08-09
T0000466,E002,C0601,VIP,90000.0,emitido,2025-08-06
T0000467,E002,C0602,Graderia,20000.0,emitido,2025-08-25
T0000468,E003,C0603,Gramilla,32000.0,emitido,2025-07-30
T0000469,E001,C0603,Gramilla,30000.0,emitido,2025-08-20
T0000470,E001,C0604,VIP,80000.0,emitido,2025-08-08
T0000471,E002,C0605,Gramilla,35000.0,emitido,2025-07-28
T0000472,E001,C0611,Gramilla,30000.0,emitido,2025-08-12
T0000473,E002,C0612,Graderia,20000.0,emitido,2025-07-31
T0000474,E003,C0612,VIP,85000.0,emitido,2025-07-30
T0000475,E002,C0614,Gramilla,35000.0,emitido,2025-07-27
T0000476,E002,C0616,Graderia,20000.0,emitido,2025-08-25
T0000477,E003,C0616,Gramilla,32000.0,emitido,2025-08-25
T0000478,E001,C0617,Graderia,15000.0,emitido,2025-08-19
T0000479,E001,C0619,Graderia,15000.0,emitido,2025-08-07
T0000480,E002,C0620,Gramilla,35000.0,emitido,2025-08-06
T0000481,E002,C0620,VIP,90000.0,emitido,2025-08-13
T0000482,E002,C0622,Graderia,20000.0,emitido,2025-08-08
T0000483,E003,C0622,Graderia,18000.0,emitido,2025-08-16
T0000484,E002,C0623,Gramilla,35000.0,emitido,2025-07-29
T0000485,E003,C0623,Graderia,18000.0,emitido,2025-08-18
T0000486,E001,C0624,Graderia,15000.0,emitido,2025-08-09
T0000487,E003,C0625,Gramilla,32000.0,emitido,2025-08-04
T0000488,E001,C0627,Gramilla,30000.0,emitido,2025-07-30
T0000489,E001,C0627,Graderia,15000.0,emitido,2025-08-06
T0000490,E001,C0628,Graderia,15000.0,emitido,2025-08-06
T0000491,E002,C0629,Gramilla,35000.0,emitido,2025-08-09
T0000492,E001,C0630,VIP,80000.0,emitido,2025-07-30
T0000493,E001,C0630,Gramilla,30000.0,emitido,2025-08-11
T0000494,E003,C0631,Graderia,18000.0,emitido,2025-08-24
T0000495,E003,C0631,Gramilla,32000.0,emitido,2025-08-03
T0000496,E001,C0632,Graderia,15000.0,emitido,2025-08-05
T0000497,E002,C0633,Gramilla,35000.0,emitido,2025-08-14
T0000498,E001,C0635,Gramilla,30000.0,emitido,2025-08-23
T0000499,E003,C0637,VIP,85000.0,emitido,2025-08-14
T0000500,E001,C0638,Gramilla,30000.0,emitido,2025-08-19
T0000501,E002,C0638,VIP,90000.0,emitido,2025-08-07
T0000502,E003,C0639,Graderia,18000.0,emitido,2025-08-23
T0000503,E001,C0640,Gramilla,30000.0,emitido,2025-07-26
T0000504,E003,C0641,Graderia,18000.0,emitido,2025-08-11
T0000505,E002,C0643,VIP,90000.0,emitido,2025-08-11
T0000506,E003,C0643,Graderia,18000.0,emitido,2025-08-07
T0000507,E002,C0645,Gramilla,35000.0,emitido,2025-08-18
T0000508,E002,C0647,Gramilla,35000.0,emitido,2025-08-25
T0000509,E002,C0649,Gramilla,35000.0,emitido,2025-07-30
T0000510,E001,C0650,Graderia,15000.0,emitido,2025-08-14
T0000511,E001,C0651,VIP,80000.0,emitido,2025-08-04
T0000512,E001,C0653,Gramilla,30000.0,emitido,2025-07-29
T0000513,E001,C0654,Gramilla,30000.0,emitido,2025-08-14
T0000514,E001,C0655,Gramilla,30000.0,emitido,2025-08-04
T0000515,E003,C0656,VIP,85000.0,emitido,2025-07-29
T0000516,E002,C0657,VIP,90000.0,emitido,2025-07-28
T0000517,E003,C0660,Graderia,18000.0,emitido,2025-08-18
T0000518,E003,C0660,Graderia,18000.0,emitido,2025-08-09
T0000519,E003,C0662,Graderia,18000.0,emitido,2025-07-29
T0000520,E003,C0664,Gramilla,32000.0,emitido,2025-08-15
T0000521,E003,C0664,Graderia,18000.0,emitido,2025-08-04
T0000522,E002,C0665,Graderia,20000.0,emitido,2025-07-29
T0000523,E001,C0666,Graderia,15000.0,emitido,2025-07-26
T0000524,E001,C0668,Graderia,15000.0,emitido,2025-08-01
T0000525,E002,C0669,Graderia,20000.0,emitido,2025-08-07
T0000526,E001,C0669,VIP,80000.0,emitido,2025-08-04
T0000527,E002,C0670,Gramilla,35000.0,emitido,2025-08-08
T0000528,E001,C0671,Gramilla,30000.0,emitido,2025-08-02
T0000529,E001,C0672,Graderia,15000.0,emitido,2025-08-21
T0000530,E003,C0672,Gramilla,32000.0,emitido,2025-08-02
T0000531,E002,C0673,Gramilla,35000.0,emitido,2025-08-07
T0000532,E001,C0674,Graderia,15000.0,emitido,2025-07-30
T0000533,E001,C0675,Graderia,15000.0,emitido,2025-08-15
T0000534,E002,C0675,Graderia,20000.0,emitido,2025-08-08
T0000535,E002,C0676,Graderia,20000.0,emitido,2025-08-22
T0000536,E002,C0676,VIP,90000.0,emitido,2025-07-26
T0000537,E003,C0678,Graderia,18000.0,emitido,2025-08-01
T0000538,E003,C0679,Graderia,18000.0,emitido,2025-08-02
T0000539,E003,C0680,Graderia,18000.0,emitido,2025-08-05
T0000540,E002,C0685,Gramilla,35000.0,emitido,2025-08-23
T0000541,E002,C0686,Graderia,20000.0,emitido,2025-08-16
T0000542,E002,C0689,Gramilla,35000.0,emitido,2025-08-09
T0000543,E002,C0689,Graderia,20000.0,emitido,2025-08-20
T0000544,E002,C0691,VIP,90000.0,emitido,2025-08-03
T0000545,E001,C0693,Graderia,15000.0,emitido,2025-07-28
T0000546,E002,C0694,Gramilla,35000.0,emitido,2025-08-23
T0000547,E001,C0695,Gramilla,30000.0,emitido,2025-07-28
T0000548,E003,C0696,Graderia,18000.0,emitido,2025-08-05
T0000549,E001,C0697,Graderia,15000.0,emitido,2025-08-04
T0000550,E002,C0698,Graderia,20000.0,emitido,2025-07-29
T0000551,E003,C0698,VIP,85000.0,emitido,2025-08-08
T0000552,E003,C0699,Gramilla,32000.0,emitido,2025-08-07
T0000553,E003,C0699,Graderia,18000.0,emitido,2025-08-02
T0000554,E003,C0701,Gramilla,32000.0,emitido,2025-07-27
T0000555,E001,C0702,Graderia,15000.0,emitido,2025-08-14
T0000556,E001,C0703,Graderia,15000.0,emitido,2025-07-30
T0000557,E003,C0705,Graderia,18000.0,emitido,2025-07-27
T0000558,E002,C0706,Graderia,20000.0,emitido,2025-08-12
T0000559,E002,C0706,Gramilla,35000.0,emitido,2025-07-31
T0000560,E002,C0707,VIP,90000.0,emitido,2025-08-12
T0000561,E003,C0708,Gramilla,32000.0,emitido,2025-07-30
T0000562,E002,C0709,Gramilla,35000.0,emitido,2025-08-09
T0000563,E002,C0714,Graderia,20000.0,emitido,2025-07-29
T0000564,E001,C0715,Gramilla,30000.0,emitido,2025-08-06
T0000565,E002,C0716,Graderia,20000.0,emitido,2025-08-25
T0000566,E001,C0717,Graderia,15000.0,emitido,2025-08-22
T0000567,E002,C0717,Graderia,20000.0,emitido,2025-08-03
T0000568,E001,C0718,Graderia,15000.0,emitido,2025-08-10
T0000569,E002,C0719,VIP,90000.0,emitido,2025-08-11
T0000570,E001,C0721,Graderia,15000.0,emitido,2025-08-01
T0000571,E001,C0722,Graderia,15000.0,emitido,2025-07-30
T0000572,E001,C0723,Graderia,15000.0,emitido,2025-08-01
T0000573,E001,C0725,Gramilla,30000.0,emitido,2025-08-24
T0000574,E001,C0725,Graderia,15000.0,emitido,2025-08-01
T0000575,E001,C0726,Graderia,15000.0,emitido,2025-08-04
T0000576,E003,C0729,VIP,85000.0,emitido,2025-08-09
T0000577,E002,C0730,Graderia,20000.0,emitido,2025-07-28
T0000578,E001,C0731,Graderia,15000.0,emitido,2025-08-12
T0000579,E002,C0732,Gramilla,35000.0,emitido,2025-08-13
T0000580,E003,C0734,Graderia,18000.0,emitido,2025-08-06
T0000581,E001,C0735,Graderia,15000.0,emitido,2025-08-23
T0000582,E003,C0735,Gramilla,32000.0,emitido,2025-07-27
T0000583,E001,C0738,Gramilla,30000.0,emitido,2025-07-31
T0000584,E002,C0739,VIP,90000.0,emitido,2025-07-31
T0000585,E003,C0741,Graderia,18000.0,emitido,2025-08-03
T0000586,E002,C0741,Graderia,20000.0,emitido,2025-08-21
T0000587,E003,C0742,Graderia,18000.0,emitido,2025-08-16
T0000588,E003,C0743,Graderia,18000.0,emitido,2025-08-14
T0000589,E003,C0744,VIP,85000.0,emitido,2025-08-08
T0000590,E002,C0745,Graderia,20000.0,emitido,2025-08-17
T0000591,E003,C0746,Gramilla,32000.0,emitido,2025-08-02
T0000592,E002,C0747,Gramilla,35000.0,emitido,2025-08-18
T0000593,E003,C0748,Gramilla,32000.0,emitido,2025-08-19
T0000594,E003,C0749,Graderia,18000.0,emitido,2025-08-16
T0000595,E001,C0750,Graderia,15000.0,emitido,2025-08-04
T0000596,E001,C0751,Graderia,15000.0,emitido,2025-08-24
T0000597,E001,C0751,Graderia,15000.0,emitido,2025-08-19
T0000598,E002,C0752,Gramilla,35000.0,emitido,2025-08-09
T0000599,E001,C0754,Gramilla,30000.0,emitido,2025-08-23
T0000600,E003,C0755,Graderia,18000.0,emitido,2025-07-28
T0000601,E001,C0755,Graderia,15000.0,emitido,2025-08-05
T0000602,E002,C0756,Gramilla,35000.0,emitido,2025-07-31
T0000603,E001,C0759,Gramilla,30000.0,emitido,2025-08-23
T0000604,E003,C0762,Graderia,18000.0,emitido,2025-08-19
T0000605,E003,C0763,VIP,85000.0,emitido,2025-08-08
T0000606,E003,C0765,Gramilla,32000.0,emitido,2025-08-04
T0000607,E001,C0766,Graderia,15000.0,emitido,2025-08-20
T0000608,E003,C0767,Graderia,18000.0,emitido,2025-08-06
T0000609,E002,C0768,Gramilla,35000.0,emitido,2025-08-15
T0000610,E003,C0770,Graderia,18000.0,emitido,2025-08-18
T0000611,E003,C0771,VIP,85000.0,emitido,2025-08-17
T0000612,E002,C0772,Graderia,20000.0,emitido,2025-08-24
T0000613,E002,C0774,Graderia,20000.0,emitido,2025-08-18
T0000614,E003,C0775,Gramilla,32000.0,emitido,2025-07-27
T0000615,E003,C0776,Graderia,18000.0,emitido,2025-08-24
T0000616,E002,C0777,Graderia,20000.0,emitido,2025-08-07
T0000617,E002,C0778,Graderia,20000.0,emitido,2025-08-13
T0000618,E001,C0779,Gramilla,30000.0,emitido,2025-07-31
T0000619,E003,C0780,Gramilla,32000.0,emitido,2025-07-30
T0000620,E003,C0782,Gramilla,32000.0,emitido,2025-08-13
T0000621,E002,C0783,Graderia,20000.0,emitido,2025-07-30
T0000622,E001,C0784,VIP,80000.0,emitido,2025-08-18
T0000623,E003,C0784,Gramilla,32000.0,emitido,2025-08-06
T0000624,E002,C0788,Gramilla,35000.0,emitido,2025-08-21
T0000625,E001,C0789,Graderia,15000.0,emitido,2025-08-02
T0000626,E002,C0793,Graderia,20000.0,emitido,2025-08-13
T0000627,E002,C0794,Gramilla,35000.0,emitido,2025-08-24
T0000628,E002,C0795,Gramilla,35000.0,emitido,2025-08-01
T0000629,E002,C0798,Gramilla,35000.0,emitido,2025-08-19
T0000630,E003,C0799,Graderia,18000.0,emitido,2025-08-23
T0000631,E002,C0799,Gramilla,35000.0,emitido,2025-08-15
T0000632,E002,C0801,Graderia,20000.0,emitido,2025-08-14
T0000633,E003,C0802,Graderia,18000.0,emitido,2025-08-16
T0000634,E002,C0803,Gramilla,35000.0,emitido,2025-08-11
T0000635,E001,C0804,Gramilla,30000.0,emitido,2025-08-21
T0000636,E003,C0804,VIP,85000.0,emitido,2025-08-22
T0000637,E001,C0806,VIP,80000.0,emitido,2025-07-30
T0000638,E001,C0807,Graderia,15000.0,emitido,2025-08-10
T0000639,E003,C0808,Graderia,18000.0,emitido,2025-08-08
T0000640,E002,C0809,Gramilla,35000.0,emitido,2025-08-21
T0000641,E003,C0812,Graderia,18000.0,emitido,2025-08-20
T0000642,E001,C0812,Graderia,15000.0,emitido,2025-07-31
T0000643,E001,C0814,Graderia,15000.0,emitido,2025-08-04
T0000644,E003,C0815,Graderia,18000.0,emitido,2025-08-22
T0000645,E001,C0815,Graderia,15000.0,emitido,2025-07-28
T0000646,E003,C0817,Graderia,18000.0,emitido,2025-08-15
T0000647,E001,C0818,Graderia,15000.0,emitido,2025-08-09
T0000648,E001,C0820,Graderia,15000.0,emitido,2025-08-09
T0000649,E003,C0821,Graderia,18000.0,emitido,2025-08-14
T0000650,E003,C0823,Graderia,18000.0,emitido,2025-08-24
T0000651,E002,C0828,Graderia,20000.0,emitido,2025-08-15
T0000652,E003,C0831,Gramilla,32000.0,emitido,2025-08-05
T0000653,E002,C0833,VIP,90000.0,emitido,2025-07-27
T0000654,E003,C0835,Graderia,18000.0,emitido,2025-08-08
T0000655,E003,C0837,Gramilla,32000.0,emitido,2025-08-09
T0000656,E001,C0839,Gramilla,30000.0,emitido,2025-08-07
T0000657,E001,C0839,Graderia,15000.0,emitido,2025-08-08
T0000658,E001,C0840,Graderia,15000.0,emitido,2025-07-28
T0000659,E002,C0841,VIP,90000.0,emitido,2025-08-12
T0000660,E003,C0843,VIP,85000.0,emitido,2025-08-17
T0000661,E001,C0844,Graderia,15000.0,emitido,2025-08-01
T0000662,E001,C0849,Graderia,15000.0,emitido,2025-08-03
T0000663,E002,C0851,Gramilla,35000.0,emitido,2025-08-14
T0000664,E001,C0851,VIP,80000.0,emitido,2025-08-10
T0000665,E001,C0852,Graderia,15000.0,emitido,2025-08-01
T0000666,E001,C0856,Gramilla,30000.0,emitido,2025-08-23
T0000667,E002,C0857,VIP,90000.0,emitido,2025-08-10
T0000668,E003,C0857,Graderia,18000.0,emitido,2025-08-11
T0000669,E003,C0859,Gramilla,32000.0,emitido,2025-08-13
T0000670,E003,C0859,Graderia,18000.0,emitido,2025-08-06
T0000671,E003,C0861,VIP,85000.0,emitido,2025-07-31
T0000672,E002,C0862,Gramilla,35000.0,emitido,2025-08-24
T0000673,E003,C0864,Graderia,18000.0,emitido,2025-08-13
T0000674,E001,C0865,Graderia,15000.0,emitido,2025-08-11
T0000675,E002,C0866,Graderia,20000.0,emitido,2025-08-12
T0000676,E003,C0867,Gramilla,32000.0,emitido,2025-08-21
T0000677,E002,C0867,Gramilla,35000.0,emitido,2025-08-11
T0000678,E001,C0868,Gramilla,30000.0,emitido,2025-07-26
T0000679,E002,C0870,Graderia,20000.0,emitido,2025-08-20
T0000680,E001,C0871,VIP,80000.0,emitido,2025-08-23
T0000681,E002,C0871,Graderia,20000.0,emitido,2025-08-05
T0000682,E002,C0875,Gramilla,35000.0,emitido,2025-08-23
T0000683,E003,C0876,Gramilla,32000.0,emitido,2025-08-20
T0000684,E001,C0877,VIP,80000.0,emitido,2025-08-07
T0000685,E003,C0880,Graderia,18000.0,emitido,2025-08-16
T0000686,E002,C0881,Graderia,20000.0,emitido,2025-08-20
T0000687,E001,C0881,VIP,80000.0,emitido,2025-07-26
T0000688,E002,C0882,Graderia,20000.0,emitido,2025-08-10
T0000689,E002,C0884,Graderia,20000.0,emitido,2025-08-07
T0000690,E003,C0886,Gramilla,32000.0,emitido,2025-08-18
T0000691,E001,C0888,Graderia,15000.0,emitido,2025-08-21
T0000692,E001,C0889,VIP,80000.0,emitido,2025-08-04
T0000693,E002,C0890,VIP,90000.0,emitido,2025-08-24
T0000694,E001,C0891,Gramilla,30000.0,emitido,2025-08-06
T0000695,E003,C0891,Gramilla,32000.0,emitido,2025-08-06
T0000696,E002,C0892,Gramilla,35000.0,emitido,2025-08-14
T0000697,E002,C0894,VIP,90000.0,emitido,2025-07-30
T0000698,E003,C0895,Graderia,18000.0,emitido,2025-08-10
T0000699,E002,C0896,Graderia,20000.0,emitido,2025-08-12
T0000700,E003,C0897,Graderia,18000.0,emitido,2025-08-07
T0000701,E003,C0901,Graderia,18000.0,emitido,2025-08-06
T0000702,E003,C0903,Graderia,18000.0,emitido,2025-08-21
T0000703,E002,C0905,Graderia,20000.0,emitido,2025-08-20
T0000704,E001,C0907,Graderia,15000.0,emitido,2025-08-25
T0000705,E003,C0908,Gramilla,32000.0,emitido,2025-07-31
T0000706,E003,C0908,VIP,85000.0,emitido,2025-08-12
T0000707,E003,C0909,Graderia,18000.0,emitido,2025-08-05
T0000708,E001,C0910,Graderia,15000.0,emitido,2025-08-09
T0000709,E001,C0911,Gramilla,30000.0,emitido,2025-08-15
T0000710,E002,C0911,Gramilla,35000.0,emitido,2025-08-06
T0000711,E003,C0914,Graderia,18000.0,emitido,2025-08-10
T0000712,E001,C0914,Gramilla,30000.0,emitido,2025-08-10
T0000713,E003,C0915,VIP,85000.0,emitido,2025-08-11
T0000714,E003,C0917,Graderia,18000.0,emitido,2025-08-02
T0000715,E003,C0919,Gramilla,32000.0,emitido,2025-07-31
T0000716,E001,C0922,Graderia,15000.0,emitido,2025-08-13
T0000717,E003,C0925,Graderia,18000.0,emitido,2025-07-31
T0000718,E002,C0928,Graderia,20000.0,emitido,2025-07-28
T0000719,E002,C0929,Graderia,20000.0,emitido,2025-08-16
T0000720,E001,C0930,Gramilla,30000.0,emitido,2025-07-27
T0000721,E002,C0931,VIP,90000.0,emitido,2025-08-21
T0000722,E003,C0932,VIP,85000.0,emitido,2025-08-16
T0000723,E002,C0932,Graderia,20000.0,emitido,2025-07-29
T0000724,E003,C0933,Gramilla,32000.0,emitido,2025-08-21
T0000725,E001,C0933,Gramilla,30000.0,emitido,2025-08-11
T0000726,E001,C0934,Graderia,15000.0,emitido,2025-07-27
T0000727,E001,C0934,Gramilla,30000.0,emitido,2025-08-06
T0000728,E001,C0936,Gramilla,30000.0,emitido,2025-08-04
T0000729,E003,C0936,Graderia,18000.0,emitido,2025-08-07
T0000730,E002,C0939,Graderia,20000.0,emitido,2025-08-15
T0000731,E001,C0942,Graderia,15000.0,emitido,2025-08-06
T0000732,E003,C0943,Graderia,18000.0,emitido,2025-08-15
T0000733,E002,C0944,Gramilla,35000.0,emitido,2025-08-20
T0000734,E001,C0944,Graderia,15000.0,emitido,2025-07-28
T0000735,E001,C0945,Graderia,15000.0,emitido,2025-07-28
T0000736,E002,C0947,Graderia,20000.0,emitido,2025-08-03
T0000737,E003,C0948,Gramilla,32000.0,emitido,2025-08-06
T0000738,E001,C0949,Gramilla,30000.0,emitido,2025-08-04
T0000739,E002,C0951,Gramilla,35000.0,emitido,2025-08-23
T0000740,E003,C0951,Graderia,18000.0,emitido,2025-08-11
T0000741,E002,C0952,Graderia,20000.0,emitido,2025-07-26
T0000742,E003,C0953,Graderia,18000.0,emitido,2025-08-14
T0000743,E002,C0953,Graderia,20000.0,emitido,2025-07-27
T0000744,E002,C0957,Graderia,20000.0,emitido,2025-08-10
T0000745,E002,C0958,Gramilla,35000.0,emitido,2025-08-21
T0000746,E003,C0959,Gramilla,32000.0,emitido,2025-08-15
T0000747,E002,C0960,Gramilla,35000.0,emitido,2025-08-13
T0000748,E001,C0961,Gramilla,30000.0,emitido,2025-08-10
T0000749,E003,C0962,Gramilla,32000.0,emitido,2025-07-31
T0000750,E003,C0964,Graderia,18000.0,emitido,2025-08-04
T0000751,E002,C0969,Gramilla,35000.0,emitido,2025-07-30
T0000752,E002,C0970,Graderia,20000.0,emitido,2025-08-22
T0000753,E002,C0972,Graderia,20000.0,emitido,2025-08-04
T0000754,E001,C0972,Graderia,15000.0,emitido,2025-07-30
T0000755,E003,C0973,Gramilla,32000.0,emitido,2025-08-01
T0000756,E003,C0974,Graderia,18000.0,emitido,2025-08-06
T0000757,E003,C0975,VIP,85000.0,emitido,2025-08-16
T0000758,E002,C0976,VIP,90000.0,emitido,2025-07-27
T0000759,E002,C0976,Gramilla,35000.0,emitido,2025-07-27
T0000760,E001,C0977,Gramilla,30000.0,emitido,2025-08-09
T0000761,E002,C0978,Graderia,20000.0,emitido,2025-07-28
T0000762,E003,C0979,Gramilla,32000.0,emitido,2025-08-14
T0000763,E001,C0980,Graderia,15000.0,emitido,2025-08-03
T0000764,E003,C0981,Graderia,18000.0,emitido,2025-08-13
T0000765,E001,C0982,Graderia,15000.0,emitido,2025-08-19
T0000766,E002,C0983,Gramilla,35000.0,emitido,2025-08-21
T0000767,E002,C0983,VIP,90000.0,emitido,2025-08-04
T0000768,E003,C0984,Graderia,18000.0,emitido,2025-08-02
T0000769,E002,C0988,VIP,90000.0,emitido,2025-07-28
T0000770,E003,C0991,Graderia,18000.0,emitido,2025-07-30
T0000771,E001,C0992,Graderia,15000.0,emitido,2025-08-25
T0000772,E001,C0993,Gramilla,30000.0,emitido,2025-08-17
T0000773,E002,C0993,VIP,90000.0,emitido,2025-08-07
T0000774,E003,C0994,Graderia,18000.0,emitido,2025-08-14
T0000775,E001,C0994,Gramilla,30000.0,emitido,2025-07-26
T0000776,E002,C0996,Graderia,20000.0,emitido,2025-08-23
T0000777,E001,C0997,Graderia,15000.0,emitido,2025-08-02
T0000778,E003,C1001,Graderia,18000.0,emitido,2025-08-15
T0000779,E002,C1002,Gramilla,35000.0,emitido,2025-08-10
T0000780,E002,C1003,VIP,90000.0,emitido,2025-07-31
T0000781,E003,C1004,VIP,85000.0,emitido,2025-08-02
T0000782,E002,C1005,Graderia,20000.0,emitido,2025-08-10
T0000783,E003,C1005,Graderia,18000.0,emitido,2025-08-24
T0000784,E001,C1007,Graderia,15000.0,emitido,2025-08-23
T0000785,E002,C1008,Graderia,20000.0,emitido,2025-08-06
T0000786,E001,C1009,Gramilla,30000.0,emitido,2025-08-06
T0000787,E001,C1009,VIP,80000.0,emitido,2025-08-02
T0000788,E001,C1010,Graderia,15000.0,emitido,2025-08-03
T0000789,E003,C1011,VIP,85000.0,emitido,2025-08-15
T0000790,E002,C1014,Gramilla,35000.0,emitido,2025-08-12
T0000791,E002,C1014,Graderia,20000.0,emitido,2025-08-11
T0000792,E002,C1016,Graderia,20000.0,emitido,2025-08-17
T0000793,E002,C1018,Graderia,20000.0,emitido,2025-08-10
T0000794,E003,C1021,Graderia,18000.0,emitido,2025-08-17
T0000795,E001,C1022,Graderia,15000.0,emitido,2025-07-31
T0000796,E002,C1022,Graderia,20000.0,emitido,2025-08-15
T0000797,E003,C1025,Graderia,18000.0,emitido,2025-07-29
T0000798,E002,C1025,Gramilla,35000.0,emitido,2025-08-05
T0000799,E001,C1027,Graderia,15000.0,emitido,2025-08-07
T0000800,E003,C1028,Graderia,18000.0,emitido,2025-08-04
T0000801,E003,C1028,Gramilla,32000.0,emitido,2025-08-09
T0000802,E001,C1029,Graderia,15000.0,emitido,2025-08-25
T0000803,E001,C1032,Gramilla,30000.0,emitido,2025-08-14
T0000804,E001,C1033,Graderia,15000.0,emitido,2025-08-06
T0000805,E003,C1034,VIP,85000.0,emitido,2025-08-19
T0000806,E003,C1034,Gramilla,32000.0,emitido,2025-08-03
T0000807,E002,C1036,Gramilla,35000.0,emitido,2025-07-28
T0000808,E001,C1039,Graderia,15000.0,emitido,2025-08-11
T0000809,E002,C1041,Gramilla,35000.0,emitido,2025-08-03
T0000810,E001,C1044,Graderia,15000.0,emitido,2025-08-24
T0000811,E001,C1045,Graderia,15000.0,emitido,2025-07-30
T0000812,E002,C1046,VIP,90000.0,emitido,2025-08-19
T0000813,E001,C1048,Gramilla,30000.0,emitido,2025-08-12
T0000814,E002,C1049,Gramilla,35000.0,emitido,2025-08-22
T0000815,E003,C1050,Graderia,18000.0,emitido,2025-08-11
T0000816,E003,C1051,Gramilla,32000.0,emitido,2025-07-27
T0000817,E001,C1052,Gramilla,30000.0,emitido,2025-07-28
T0000818,E003,C1053,VIP,85000.0,emitido,2025-08-10
T0000819,E003,C1054,Gramilla,32000.0,emitido,2025-07-31
T0000820,E002,C1055,VIP,90000.0,emitido,2025-07-30
T0000821,E002,C1057,Graderia,20000.0,emitido,2025-08-16
T0000822,E003,C1058,Graderia,18000.0,emitido,2025-08-08
T0000823,E002,C1060,Gramilla,35000.0,emitido,2025-08-20
T0000824,E003,C1060,Graderia,18000.0,emitido,2025-08-13
T0000825,E001,C1062,Gramilla,30000.0,emitido,2025-08-14
T0000826,E002,C1063,Gramilla,35000.0,emitido,2025-08-21
T0000827,E001,C1063,Graderia,15000.0,emitido,2025-08-02
T0000828,E003,C1065,Gramilla,32000.0,emitido,2025-08-10
T0000829,E002,C1066,VIP,90000.0,emitido,2025-08-25
T0000830,E001,C1066,Graderia,15000.0,emitido,2025-08-15
T0000831,E003,C1068,Gramilla,32000.0,emitido,2025-08-11
T0000832,E001,C1071,VIP,80000.0,emitido,2025-08-24
T0000833,E003,C1073,Graderia,18000.0,emitido,2025-08-03
T0000834,E002,C1075,Gramilla,35000.0,emitido,2025-08-22
T0000835,E003,C1076,Graderia,18000.0,emitido,2025-07-30
T0000836,E003,C1077,Graderia,18000.0,emitido,2025-07-31
T0000837,E003,C1078,Gramilla,32000.0,emitido,2025-08-15
T0000838,E003,C1079,Graderia,18000.0,emitido,2025-07-30
T0000839,E001,C1081,Graderia,15000.0,emitido,2025-08-22
T0000840,E001,C1082,Gramilla,30000.0,emitido,2025-08-08
T0000841,E001,C1082,Graderia,15000.0,emitido,2025-07-27
T0000842,E003,C1083,Gramilla,32000.0,emitido,2025-08-01
T0000843,E001,C1084,Graderia,15000.0,emitido,2025-08-20
T0000844,E001,C1084,Gramilla,30000.0,emitido,2025-08-07
T0000845,E002,C1086,Gramilla,35000.0,emitido,2025-08-19
T0000846,E001,C1086,Gramilla,30000.0,emitido,2025-08-09
T0000847,E001,C1087,Gramilla,30000.0,emitido,2025-08-24
T0000848,E003,C1088,VIP,85000.0,emitido,2025-08-05
T0000849,E003,C1090,Graderia,18000.0,emitido,2025-08-22
T0000850,E003,C1096,Gramilla,32000.0,emitido,2025-08-17
T0000851,E001,C1097,Gramilla,30000.0,emitido,2025-07-26
T0000852,E001,C1099,Graderia,15000.0,emitido,2025-08-14
T0000853,E002,C1100,Gramilla,35000.0,emitido,2025-07-28
T0000854,E003,C1102,Graderia,18000.0,emitido,2025-07-31
T0000855,E001,C1103,VIP,80000.0,emitido,2025-08-02
T0000856,E002,C1104,Graderia,20000.0,emitido,2025-08-04
T0000857,E001,C1106,Graderia,15000.0,emitido,2025-08-02
T0000858,E001,C1107,Graderia,15000.0,emitido,2025-08-07
T0000859,E001,C1108,Graderia,15000.0,emitido,2025-08-06
T0000860,E002,C1108,Graderia,20000.0,emitido,2025-08-14
T0000861,E003,C1109,Graderia,18000.0,emitido,2025-08-17
T0000862,E003,C1110,Gramilla,32000.0,emitido,2025-08-17
T0000863,E002,C1111,Graderia,20000.0,emitido,2025-08-01
T0000864,E002,C1111,Graderia,20000.0,emitido,2025-08-16
T0000865,E001,C1116,Graderia,15000.0,emitido,2025-07-29
T0000866,E003,C1116,Graderia,18000.0,emitido,2025-08-19
T0000867,E002,C1117,Graderia,20000.0,emitido,2025-08-12
T0000868,E003,C1117,VIP,85000.0,emitido,2025-08-18
T0000869,E003,C1118,VIP,85000.0,emitido,2025-07-27
T0000870,E001,C1119,Graderia,15000.0,emitido,2025-08-10
T0000871,E002,C1121,Graderia,20000.0,emitido,2025-07-31
T0000872,E001,C1123,Gramilla,30000.0,emitido,2025-08-25
T0000873,E002,C1125,Graderia,20000.0,emitido,2025-08-05
T0000874,E001,C1127,Gramilla,30000.0,emitido,2025-07-29
T0000875,E002,C1128,Graderia,20000.0,emitido,2025-08-21
T0000876,E002,C1130,Gramilla,35000.0,emitido,2025-08-03
T0000877,E003,C1130,Graderia,18000.0,emitido,2025-08-05
T0000878,E002,C1131,Gramilla,35000.0,emitido,2025-08-16
T0000879,E002,C1131,Gramilla,35000.0,emitido,2025-08-03
T0000880,E003,C1133,Graderia,18000.0,emitido,2025-07-28
T0000881,E002,C1133,Gramilla,35000.0,emitido,2025-08-24
T0000882,E002,C1134,VIP,90000.0,emitido,2025-08-22
T0000883,E002,C1134,Graderia,20000.0,emitido,2025-08-06
T0000884,E003,C1135,Gramilla,32000.0,emitido,2025-08-23
T0000885,E001,C1136,VIP,80000.0,emitido,2025-08-18
T0000886,E003,C1136,Graderia,18000.0,emitido,2025-08-10
T0000887,E003,C1143,Gramilla,32000.0,emitido,2025-08-17
T0000888,E001,C1143,Graderia,15000.0,emitido,2025-08-14
T0000889,E001,C1144,Graderia,15000.0,emitido,2025-08-08
T0000890,E003,C1146,Graderia,18000.0,emitido,2025-08-04
T0000891,E002,C1150,Graderia,20000.0,emitido,2025-08-13
T0000892,E001,C1150,Graderia,15000.0,emitido,2025-07-26
T0000893,E001,C1151,Gramilla,30000.0,emitido,2025-08-10
T0000894,E003,C1152,Graderia,18000.0,emitido,2025-08-12
T0000895,E002,C1154,Graderia,20000.0,emitido,2025-08-02
T0000896,E001,C1156,Gramilla,30000.0,emitido,2025-08-09
T0000897,E003,C1158,Gramilla,32000.0,emitido,2025-08-10
T0000898,E003,C1159,Graderia,18000.0,emitido,2025-08-16
T0000899,E002,C1160,Graderia,20000.0,emitido,2025-08-17
T0000900,E001,C1160,Graderia,15000.0,emitido,2025-08-16
T0000901,E002,C1162,VIP,90000.0,emitido,2025-08-06
T0000902,E003,C1165,Gramilla,32000.0,emitido,2025-08-04
T0000903,E001,C1165,Graderia,15000.0,emitido,2025-08-22
T0000904,E001,C1166,Graderia,15000.0,emitido,2025-08-14
T0000905,E001,C1167,Gramilla,30000.0,emitido,2025-08-14
T0000906,E001,C1168,Gramilla,30000.0,emitido,2025-08-22
T0000907,E001,C1170,VIP,80000.0,emitido,2025-07-27
T0000908,E003,C1171,Gramilla,32000.0,emitido,2025-08-09
T0000909,E002,C1172,VIP,90000.0,emitido,2025-07-26
T0000910,E002,C1179,VIP,90000.0,emitido,2025-08-21
T0000911,E003,C1181,Gramilla,32000.0,emitido,2025-08-11
T0000912,E003,C1182,Gramilla,32000.0,emitido,2025-08-07
T0000913,E002,C1183,Graderia,20000.0,emitido,2025-08-23
T0000914,E003,C1183,Gramilla,32000.0,emitido,2025-08-04
T0000915,E001,C1185,Graderia,15000.0,emitido,2025-08-06
T0000916,E002,C1189,Graderia,20000.0,emitido,2025-08-14
T0000917,E002,C1190,VIP,90000.0,emitido,2025-07-29
T0000918,E002,C1191,Gramilla,35000.0,emitido,2025-08-12
T0000919,E002,C1193,Gramilla,35000.0,emitido,2025-08-12
T0000920,E001,C1193,Gramilla,30000.0,emitido,2025-08-06
T0000921,E002,C1194,VIP,90000.0,emitido,2025-08-09
T0000922,E002,C1196,Graderia,20000.0,emitido,2025-08-12
T0000923,E003,C1196,VIP,85000.0,emitido,2025-08-12
T0000924,E003,C1197,Gramilla,32000.0,emitido,2025-08-21
T0000925,E002,C1198,Gramilla,35000.0,emitido,2025-08-24
T0000926,E002,C1198,Gramilla,35000.0,emitido,2025-08-16
T0000927,E001,C1199,Graderia,15000.0,emitido,2025-08-25
T0000928,E003,C1200,Gramilla,32000.0,emitido,2025-08-10
T0000929,E002,C1201,Graderia,20000.0,emitido,2025-08-10
T0000930,E002,C1204,VIP,90000.0,emitido,2025-08-23
T0000931,E003,C1204,Gramilla,32000.0,emitido,2025-08-07
T0000932,E002,C1205,Gramilla,35000.0,emitido,2025-08-10
T0000933,E001,C1208,Gramilla,30000.0,emitido,2025-08-20
T0000934,E002,C1209,VIP,90000.0,emitido,2025-08-21
T0000935,E002,C1210,Graderia,20000.0,emitido,2025-07-27
T0000936,E003,C1212,VIP,85000.0,emitido,2025-08-09
T0000937,E001,C1213,Gramilla,30000.0,emitido,2025-08-20
T0000938,E003,C1214,Gramilla,32000.0,emitido,2025-08-17
T0000939,E003,C1214,Gramilla,32000.0,emitido,2025-08-14
T0000940,E001,C1215,Graderia,15000.0,emitido,2025-08-09
T0000941,E002,C1216,Graderia,20000.0,emitido,2025-07-27
T0000942,E001,C1216,Graderia,15000.0,emitido,2025-08-21
T0000943,E003,C1217,Gramilla,32000.0,emitido,2025-07-30
T0000944,E003,C1217,Gramilla,32000.0,emitido,2025-08-03
T0000945,E001,C1218,Graderia,15000.0,emitido,2025-07-27
T0000946,E001,C1218,Graderia,15000.0,emitido,2025-08-21
T0000947,E002,C1220,Graderia,20000.0,emitido,2025-08-11
T0000948,E002,C1222,Graderia,20000.0,emitido,2025-08-16
T0000949,E001,C1222,Gramilla,30000.0,emitido,2025-08-22
T0000950,E001,C1223,Gramilla,30000.0,emitido,2025-08-16
T0000951,E001,C1223,Graderia,15000.0,emitido,2025-08-23
T0000952,E001,C1224,Graderia,15000.0,emitido,2025-08-01
T0000953,E002,C1224,Gramilla,35000.0,emitido,2025-08-24
T0000954,E003,C1225,Gramilla,32000.0,emitido,2025-08-24
T0000955,E001,C1226,Graderia,15000.0,emitido,2025-08-04
T0000956,E001,C1226,Gramilla,30000.0,emitido,2025-07-31
T0000957,E003,C1227,VIP,85000.0,emitido,2025-08-20
T0000958,E003,C1229,VIP,85000.0,emitido,2025-07-26
T0000959,E003,C1230,Gramilla,32000.0,emitido,2025-08-06
T0000960,E001,C1231,Gramilla,30000.0,emitido,2025-08-01
T0000961,E001,C1232,VIP,80000.0,emitido,2025-08-20
T0000962,E001,C1234,VIP,80000.0,emitido,2025-07-27
T0000963,E003,C1234,VIP,85000.0,emitido,2025-08-10
T0000964,E002,C1235,Gramilla,35000.0,emitido,2025-08-22
T0000965,E002,C1236,Graderia,20000.0,emitido,2025-08-09
T0000966,E002,C1237,Graderia,20000.0,emitido,2025-08-22
T0000967,E002,C1238,Gramilla,35000.0,emitido,2025-08-08
T0000968,E002,C1240,Graderia,20000.0,emitido,2025-08-06
T0000969,E002,C1244,Graderia,20000.0,emitido,2025-08-23
T0000970,E003,C1248,Graderia,18000.0,emitido,2025-08-22
T0000971,E003,C1249,Graderia,18000.0,emitido,2025-08-21
T0000972,E001,C1250,Gramilla,30000.0,emitido,2025-07-28
T0000973,E002,C1252,Graderia,20000.0,emitido,2025-07-29
T0000974,E002,C1252,Graderia,20000.0,emitido,2025-07-30
T0000975,E003,C1253,Gramilla,32000.0,emitido,2025-08-07
T0000976,E003,C1254,VIP,85000.0,emitido,2025-08-14
T0000977,E002,C1254,Gramilla,35000.0,emitido,2025-07-26
T0000978,E002,C1255,Graderia,20000.0,emitido,2025-08-11
T0000979,E002,C1256,Graderia,20000.0,emitido,2025-07-26
T0000980,E001,C1257,Gramilla,30000.0,emitido,2025-08-10
T0000981,E001,C1260,Graderia,15000.0,emitido,2025-08-06
T0000982,E003,C1261,Gramilla,32000.0,emitido,2025-07-31
T0000983,E002,C1262,Graderia,20000.0,emitido,2025-08-17
T0000984,E003,C1263,Gramilla,32000.0,emitido,2025-07-26
T0000985,E001,C1263,VIP,80000.0,emitido,2025-07-28
T0000986,E002,C1265,Graderia,20000.0,emitido,2025-08-24
T0000987,E002,C1266,VIP,90000.0,emitido,2025-08-20
T0000988,E003,C1267,Graderia,18000.0,emitido,2025-08-01
T0000989,E003,C1268,Gramilla,32000.0,emitido,2025-08-08
T0000990,E001,C1269,Gramilla,30000.0,emitido,2025-08-13
T0000991,E002,C1270,Gramilla,35000.0,emitido,2025-08-14
T0000992,E003,C1272,Graderia,18000.0,emitido,2025-07-30
T0000993,E003,C1273,Graderia,18000.0,emitido,2025-07-28
T0000994,E003,C1273,Graderia,18000.0,emitido,2025-08-22
T0000995,E002,C1274,Graderia,20000.0,emitido,2025-08-04
T0000996,E001,C1274,Graderia,15000.0,emitido,2025-08-05
T0000997,E003,C1275,Graderia,18000.0,emitido,2025-08-16
T0000998,E003,C1276,Graderia,18000.0,emitido,2025-08-11
T0000999,E002,C1278,Graderia,20000.0,emitido,2025-08-03
T0001000,E002,C1279,Graderia,20000.0,emitido,2025-08-13
T0001001,E002,C1280,Graderia,20000.0,emitido,2025-08-04
T0001002,E003,C1281,Graderia,18000.0,emitido,2025-08-06
T0001003,E001,C1282,Graderia,15000.0,emitido,2025-07-29
T0001004,E001,C1282,Gramilla,30000.0,emitido,2025-08-08
T0001005,E002,C1283,VIP,90000.0,emitido,2025-08-13
T0001006,E002,C1288,Graderia,20000.0,emitido,2025-07-31
T0001007,E002,C1289,Gramilla,35000.0,emitido,2025-08-05
T0001008,E003,C1291,Gramilla,32000.0,emitido,2025-08-19
T0001009,E003,C1292,Graderia,18000.0,emitido,2025-08-01
T0001010,E003,C1293,Gramilla,32000.0,emitido,2025-07-29
T0001011,E001,C1293,Gramilla,30000.0,emitido,2025-08-19
T0001012,E003,C1297,VIP,85000.0,emitido,2025-07-27
T0001013,E003,C1298,Graderia,18000.0,emitido,2025-08-19
T0001014,E001,C1299,Gramilla,30000.0,emitido,2025-08-01
T0001015,E002,C1300,VIP,90000.0,emitido,2025-07-27
T0001016,E002,C1301,Graderia,20000.0,emitido,2025-08-16
T0001017,E002,C1303,Graderia,20000.0,emitido,2025-08-21
T0001018,E002,C1304,Graderia,20000.0,emitido,2025-08-08
T0001019,E001,C1306,Graderia,15000.0,emitido,2025-08-21
T0001020,E001,C1306,Graderia,15000.0,emitido,2025-07-31
T0001021,E003,C1307,VIP,85000.0,emitido,2025-07-26
T0001022,E002,C1310,Gramilla,35000.0,emitido,2025-07-29
T0001023,E001,C1310,VIP,80000.0,emitido,2025-08-12
T0001024,E001,C1314,Graderia,15000.0,emitido,2025-08-07
T0001025,E003,C1314,Gramilla,32000.0,emitido,2025-08-22
T0001026,E003,C1315,Graderia,18000.0,emitido,2025-07-28
T0001027,E001,C1315,Graderia,15000.0,emitido,2025-08-22
T0001028,E003,C1317,Graderia,18000.0,emitido,2025-08-02
T0001029,E003,C1317,Graderia,18000.0,emitido,2025-08-12
T0001030,E001,C1318,VIP,80000.0,emitido,2025-08-11
T0001031,E001,C1319,Graderia,15000.0,emitido,2025-08-14
T0001032,E003,C1319,VIP,85000.0,emitido,2025-08-15
T0001033,E001,C1320,VIP,80000.0,emitido,2025-07-28
T0001034,E002,C1322,Gramilla,35000.0,emitido,2025-08-25
T0001035,E001,C1325,Gramilla,30000.0,emitido,2025-07-31
T0001036,E003,C1327,VIP,85000.0,emitido,2025-08-14
T0001037,E002,C1330,Graderia,20000.0,emitido,2025-07-27
T0001038,E001,C1334,Graderia,15000.0,emitido,2025-07-29
T0001039,E001,C1334,VIP,80000.0,emitido,2025-08-05
T0001040,E003,C1335,Graderia,18000.0,emitido,2025-08-24
T0001041,E002,C1335,VIP,90000.0,emitido,2025-07-30
T0001042,E002,C1337,Gramilla,35000.0,emitido,2025-07-28
T0001043,E002,C1339,Gramilla,35000.0,emitido,2025-08-14
T0001044,E003,C1340,Gramilla,32000.0,emitido,2025-08-11
T0001045,E003,C1344,Graderia,18000.0,emitido,2025-08-13
T0001046,E003,C1345,Graderia,18000.0,emitido,2025-08-20
T0001047,E003,C1346,Gramilla,32000.0,emitido,2025-07-29
T0001048,E002,C1347,Graderia,20000.0,emitido,2025-07-29
T0001049,E002,C1349,Gramilla,35000.0,emitido,2025-08-19
T0001050,E002,C1350,VIP,90000.0,emitido,2025-07-26
T0001051,E001,C1352,VIP,80000.0,emitido,2025-08-05
T0001052,E002,C1354,Graderia,20000.0,emitido,2025-08-03
T0001053,E003,C1356,Graderia,18000.0,emitido,2025-08-23
T0001054,E001,C1358,Gramilla,30000.0,emitido,2025-08-12
T0001055,E001,C1362,Graderia,15000.0,emitido,2025-07-29
T0001056,E002,C1364,Graderia,20000.0,emitido,2025-07-29
T0001057,E002,C1365,Gramilla,35000.0,emitido,2025-08-19
T0001058,E001,C1366,Graderia,15000.0,emitido,2025-08-17
T0001059,E001,C1367,Graderia,15000.0,emitido,2025-08-04
T0001060,E002,C1369,VIP,90000.0,emitido,2025-08-13
T0001061,E001,C1374,Graderia,15000.0,emitido,2025-07-27
T0001062,E003,C1375,VIP,85000.0,emitido,2025-07-26
T0001063,E003,C1375,Gramilla,32000.0,emitido,2025-07-31
T0001064,E003,C1376,Graderia,18000.0,emitido,2025-08-13
T0001065,E001,C1378,Gramilla,30000.0,emitido,2025-08-17
T0001066,E001,C1378,Gramilla,30000.0,emitido,2025-07-27
T0001067,E001,C1379,Graderia,15000.0,emitido,2025-08-09
T0001068,E002,C1380,Graderia,20000.0,emitido,2025-08-21
T0001069,E002,C1381,Gramilla,35000.0,emitido,2025-07-27
T0001070,E002,C1381,Graderia,20000.0,emitido,2025-07-28
T0001071,E002,C1382,Gramilla,35000.0,emitido,2025-08-12
T0001072,E001,C1382,Graderia,15000.0,emitido,2025-08-10
T0001073,E003,C1384,Gramilla,32000.0,emitido,2025-08-11
T0001074,E001,C1384,Graderia,15000.0,emitido,2025-08-24
T0001075,E002,C1385,Graderia,20000.0,emitido,2025-08-11
T0001076,E002,C1386,Graderia,20000.0,emitido,2025-08-14
T0001077,E003,C1386,Gramilla,32000.0,emitido,2025-08-11
T0001078,E001,C1387,Graderia,15000.0,emitido,2025-08-23
T0001079,E001,C1387,VIP,80000.0,emitido,2025-08-20
T0001080,E001,C1391,Gramilla,30000.0,emitido,2025-08-25
T0001081,E002,C1392,VIP,90000.0,emitido,2025-08-18
T0001082,E003,C1396,Graderia,18000.0,emitido,2025-08-14
T0001083,E002,C1397,Graderia,20000.0,emitido,2025-08-23
T0001084,E002,C1397,Gramilla,35000.0,emitido,2025-08-04
T0001085,E002,C1398,Gramilla,35000.0,emitido,2025-08-25
T0001086,E003,C1399,VIP,85000.0,emitido,2025-08-15
T0001087,E003,C1404,Graderia,18000.0,emitido,2025-07-31
T0001088,E001,C1404,Gramilla,30000.0,emitido,2025-08-08
T0001089,E001,C1406,Graderia,15000.0,emitido,2025-08-01
T0001090,E001,C1408,Graderia,15000.0,emitido,2025-08-13
T0001091,E002,C1408,Gramilla,35000.0,emitido,2025-07-26
T0001092,E002,C1410,Gramilla,35000.0,emitido,2025-07-27
T0001093,E001,C1411,Graderia,15000.0,emitido,2025-08-22
T0001094,E002,C1413,Graderia,20000.0,emitido,2025-08-07
T0001095,E002,C1415,Gramilla,35000.0,emitido,2025-08-12
T0001096,E002,C1417,Gramilla,35000.0,emitido,2025-08-05
T0001097,E003,C1419,Gramilla,32000.0,emitido,2025-08-23
T0001098,E002,C1420,Graderia,20000.0,emitido,2025-08-21
T0001099,E002,C1422,Graderia,20000.0,emitido,2025-08-24
T0001100,E003,C1423,Graderia,18000.0,emitido,2025-08-12
T0001101,E002,C1423,Graderia,20000.0,emitido,2025-08-04
T0001102,E003,C1426,Graderia,18000.0,emitido,2025-08-02
T0001103,E002,C1428,Graderia,20000.0,emitido,2025-08-12
T0001104,E002,C1430,Gramilla,35000.0,emitido,2025-08-11
T0001105,E001,C1432,Graderia,15000.0,emitido,2025-08-23
T0001106,E003,C1432,VIP,85000.0,emitido,2025-08-17
T0001107,E001,C1434,Graderia,15000.0,emitido,2025-08-25
T0001108,E003,C1435,Graderia,18000.0,emitido,2025-08-04
T0001109,E003,C1438,Graderia,18000.0,emitido,2025-08-04
T0001110,E001,C1442,Graderia,15000.0,emitido,2025-08-25
T0001111,E002,C1444,Gramilla,35000.0,emitido,2025-08-05
T0001112,E003,C1445,Graderia,18000.0,emitido,2025-08-16
T0001113,E002,C1445,Graderia,20000.0,emitido,2025-08-12
T0001114,E001,C1446,Gramilla,30000.0,emitido,2025-08-11
T0001115,E003,C1448,Graderia,18000.0,emitido,2025-08-16
T0001116,E003,C1448,Gramilla,32000.0,emitido,2025-08-13
T0001117,E003,C1449,Gramilla,32000.0,emitido,2025-08-12
T0001118,E002,C1453,Graderia,20000.0,emitido,2025-08-13
T0001119,E003,C1454,VIP,85000.0,emitido,2025-07-28
T0001120,E003,C1456,Graderia,18000.0,emitido,2025-08-07
T0001121,E003,C1457,Graderia,18000.0,emitido,2025-08-10
T0001122,E003,C1458,Graderia,18000.0,emitido,2025-08-03
T0001123,E003,C1459,Graderia,18000.0,emitido,2025-08-14
T0001124,E003,C1460,VIP,85000.0,emitido,2025-08-15
T0001125,E003,C1464,Gramilla,32000.0,emitido,2025-07-26
T0001126,E002,C1464,Gramilla,35000.0,emitido,2025-08-04
T0001127,E001,C1466,Gramilla,30000.0,emitido,2025-08-16
T0001128,E001,C1468,Graderia,15000.0,emitido,2025-08-06
T0001129,E002,C1469,Graderia,20000.0,emitido,2025-08-19
T0001130,E003,C1469,Graderia,18000.0,emitido,2025-08-25
T0001131,E003,C1470,Graderia,18000.0,emitido,2025-07-30
T0001132,E002,C1472,Graderia,20000.0,emitido,2025-08-06
T0001133,E001,C1472,Graderia,15000.0,emitido,2025-08-18
T0001134,E002,C1473,Gramilla,35000.0,emitido,2025-08-01
T0001135,E003,C1473,Graderia,18000.0,emitido,2025-08-21
T0001136,E002,C1477,Gramilla,35000.0,emitido,2025-07-26
T0001137,E003,C1479,Gramilla,32000.0,emitido,2025-07-29
T0001138,E003,C1482,Graderia,18000.0,emitido,2025-08-19
T0001139,E002,C1484,Gramilla,35000.0,emitido,2025-08-10
T0001140,E002,C1486,Gramilla,35000.0,emitido,2025-08-22
T0001141,E001,C1488,Graderia,15000.0,emitido,2025-07-31
T0001142,E001,C1489,Graderia,15000.0,emitido,2025-08-14
T0001143,E001,C1491,Graderia,15000.0,emitido,2025-08-01
T0001144,E001,C1492,Gramilla,30000.0,emitido,2025-08-12
T0001145,E002,C1492,VIP,90000.0,emitido,2025-07-26
T0001146,E001,C1495,Gramilla,30000.0,emitido,2025-08-03
T0001147,E001,C1498,Graderia,15000.0,emitido,2025-08-13
T0001148,E003,C1503,Gramilla,32000.0,emitido,2025-07-28
T0001149,E002,C1504,VIP,90000.0,emitido,2025-08-03
T0001150,E003,C1505,Graderia,18000.0,emitido,2025-08-14
T0001151,E003,C1506,Gramilla,32000.0,emitido,2025-08-21
T0001152,E003,C1508,Gramilla,32000.0,emitido,2025-08-06
T0001153,E002,C1513,Graderia,20000.0,emitido,2025-08-08
T0001154,E003,C1514,VIP,85000.0,emitido,2025-08-09
T0001155,E003,C1516,Graderia,18000.0,emitido,2025-08-15
T0001156,E003,C1518,Gramilla,32000.0,emitido,2025-08-18
T0001157,E003,C1520,Graderia,18000.0,emitido,2025-08-24
T0001158,E001,C1522,Graderia,15000.0,emitido,2025-08-05
T0001159,E001,C1524,Graderia,15000.0,emitido,2025-08-18
T0001160,E003,C1527,Gramilla,32000.0,emitido,2025-07-29
T0001161,E003,C1527,Graderia,18000.0,emitido,2025-08-16
T0001162,E003,C1528,Gramilla,32000.0,emitido,2025-08-21
T0001163,E003,C1528,Graderia,18000.0,emitido,2025-08-02
T0001164,E003,C1529,Graderia,18000.0,emitido,2025-08-01
T0001165,E003,C1530,Graderia,18000.0,emitido,2025-08-12
T0001166,E001,C1531,Graderia,15000.0,emitido,2025-08-11
T0001167,E002,C1532,Gramilla,35000.0,emitido,2025-08-09
T0001168,E002,C1535,Gramilla,35000.0,emitido,2025-07-26
T0001169,E001,C1536,Graderia,15000.0,emitido,2025-08-21
T0001170,E002,C1536,Gramilla,35000.0,emitido,2025-08-21
T0001171,E003,C1538,Graderia,18000.0,emitido,2025-08-10
T0001172,E003,C1539,Graderia,18000.0,emitido,2025-07-26
T0001173,E001,C1540,Graderia,15000.0,emitido,2025-08-07
T0001174,E002,C1540,Graderia,20000.0,emitido,2025-08-21
T0001175,E002,C1541,Graderia,20000.0,emitido,2025-08-10
T0001176,E003,C1542,Graderia,18000.0,emitido,2025-07-27
T0001177,E002,C1545,Graderia,20000.0,emitido,2025-08-08
T0001178,E002,C1545,Graderia,20000.0,emitido,2025-08-24
T0001179,E003,C1546,Graderia,18000.0,emitido,2025-08-15
T0001180,E003,C1548,Graderia,18000.0,emitido,2025-08-21
T0001181,E002,C1549,Gramilla,35000.0,emitido,2025-08-21
T0001182,E003,C1551,Gramilla,32000.0,emitido,2025-08-13
T0001183,E001,C1551,VIP,80000.0,emitido,2025-08-15
T0001184,E002,C1552,Gramilla,35000.0,emitido,2025-08-05
T0001185,E001,C1552,VIP,80000.0,emitido,2025-08-03
T0001186,E003,C1553,Graderia,18000.0,emitido,2025-08-05
T0001187,E001,C1554,VIP,80000.0,emitido,2025-08-08
T0001188,E003,C1555,Gramilla,32000.0,emitido,2025-08-01
T0001189,E001,C1556,Gramilla,30000.0,emitido,2025-08-08
T0001190,E001,C1556,VIP,80000.0,emitido,2025-08-17
T0001191,E003,C1558,Graderia,18000.0,emitido,2025-07-31
T0001192,E003,C1559,Graderia,18000.0,emitido,2025-07-29
T0001193,E001,C1561,VIP,80000.0,emitido,2025-08-15
T0001194,E001,C1562,Gramilla,30000.0,emitido,2025-08-16
T0001195,E001,C1563,Graderia,15000.0,emitido,2025-07-26
T0001196,E003,C1564,VIP,85000.0,emitido,2025-08-20
T0001197,E002,C1565,Graderia,20000.0,emitido,2025-08-21
T0001198,E002,C1566,VIP,90000.0,emitido,2025-07-28
T0001199,E003,C1567,Gramilla,32000.0,emitido,2025-08-10
T0001200,E001,C1568,Graderia,15000.0,emitido,2025-08-15
T0001201,E002,C1569,Graderia,20000.0,emitido,2025-08-05
T0001202,E002,C1570,Gramilla,35000.0,emitido,2025-08-07
T0001203,E003,C1570,Graderia,18000.0,emitido,2025-08-01
T0001204,E002,C1571,Gramilla,35000.0,emitido,2025-08-11
T0001205,E001,C1571,Gramilla,30000.0,emitido,2025-08-09
T0001206,E002,C1572,Gramilla,35000.0,emitido,2025-08-20
T0001207,E001,C1572,Gramilla,30000.0,emitido,2025-08-12
T0001208,E002,C1574,VIP,90000.0,emitido,2025-08-06
T0001209,E001,C1575,Graderia,15000.0,emitido,2025-07-27
T0001210,E002,C1575,Graderia,20000.0,emitido,2025-08-17
T0001211,E003,C1577,Graderia,18000.0,emitido,2025-07-30
T0001212,E003,C1578,Gramilla,32000.0,emitido,2025-08-23
T0001213,E001,C1579,Gramilla,30000.0,emitido,2025-08-02
T0001214,E002,C1580,Graderia,20000.0,emitido,2025-08-09
T0001215,E002,C1582,Gramilla,35000.0,emitido,2025-08-01
T0001216,E002,C1584,Graderia,20000.0,emitido,2025-08-11
T0001217,E001,C1586,Gramilla,30000.0,emitido,2025-08-25
T0001218,E003,C1586,Graderia,18000.0,emitido,2025-07-28
T0001219,E003,C1587,VIP,85000.0,emitido,2025-08-03
T0001220,E001,C1588,Gramilla,30000.0,emitido,2025-08-05
T0001221,E003,C1590,Graderia,18000.0,emitido,2025-08-22
T0001222,E002,C1590,VIP,90000.0,emitido,2025-08-13
T0001223,E003,C1592,VIP,85000.0,emitido,2025-08-22
T0001224,E002,C1593,Graderia,20000.0,emitido,2025-08-02
T0001225,E001,C1593,Gramilla,30000.0,emitido,2025-08-04
T0001226,E003,C1595,Gramilla,32000.0,emitido,2025-07-31
T0001227,E002,C1597,Graderia,20000.0,emitido,2025-08-10
T0001228,E003,C1600,Graderia,18000.0,emitido,2025-07-29
T0001229,E001,C1601,Gramilla,30000.0,emitido,2025-08-04
T0001230,E003,C1605,Graderia,18000.0,emitido,2025-08-17
T0001231,E001,C1610,VIP,80000.0,emitido,2025-08-03
T0001232,E003,C1610,Gramilla,32000.0,emitido,2025-08-17
T0001233,E003,C1613,VIP,85000.0,emitido,2025-08-24
T0001234,E002,C1615,Graderia,20000.0,emitido,2025-08-04
T0001235,E003,C1615,Graderia,18000.0,emitido,2025-08-14
T0001236,E003,C1616,Graderia,18000.0,emitido,2025-08-17
T0001237,E002,C1618,Graderia,20000.0,emitido,2025-08-23
T0001238,E001,C1622,VIP,80000.0,emitido,2025-08-19
T0001239,E003,C1623,Gramilla,32000.0,emitido,2025-08-25
T0001240,E003,C1624,Gramilla,32000.0,emitido,2025-07-27
T0001241,E002,C1624,Gramilla,35000.0,emitido,2025-08-18
T0001242,E002,C1625,Gramilla,35000.0,emitido,2025-07-30
T0001243,E001,C1626,Gramilla,30000.0,emitido,2025-08-06
T0001244,E002,C1626,Gramilla,35000.0,emitido,2025-08-05
T0001245,E001,C1627,VIP,80000.0,emitido,2025-08-13
T0001246,E001,C1628,Gramilla,30000.0,emitido,2025-08-24
T0001247,E002,C1628,Graderia,20000.0,emitido,2025-08-06
T0001248,E003,C1630,Graderia,18000.0,emitido,2025-07-29
T0001249,E002,C1631,Graderia,20000.0,emitido,2025-08-06
T0001250,E002,C1634,VIP,90000.0,emitido,2025-08-06
T0001251,E003,C1635,Gramilla,32000.0,emitido,2025-08-11
T0001252,E001,C1636,Graderia,15000.0,emitido,2025-08-06
T0001253,E003,C1638,Graderia,18000.0,emitido,2025-08-09
T0001254,E002,C1638,Graderia,20000.0,emitido,2025-08-10
T0001255,E001,C1640,Graderia,15000.0,emitido,2025-08-16
T0001256,E003,C1641,Gramilla,32000.0,emitido,2025-08-16
T0001257,E001,C1642,Graderia,15000.0,emitido,2025-08-16
T0001258,E003,C1644,Gramilla,32000.0,emitido,2025-08-04
T0001259,E001,C1644,Graderia,15000.0,emitido,2025-08-09
T0001260,E002,C1646,Graderia,20000.0,emitido,2025-08-19
T0001261,E001,C1648,Gramilla,30000.0,emitido,2025-08-03
T0001262,E003,C1650,Gramilla,32000.0,emitido,2025-08-15
T0001263,E002,C1652,VIP,90000.0,emitido,2025-07-27
T0001264,E001,C1653,Gramilla,30000.0,emitido,2025-08-03
T0001265,E001,C1654,Graderia,15000.0,emitido,2025-08-01
T0001266,E001,C1656,Graderia,15000.0,emitido,2025-07-30
T0001267,E001,C1658,Gramilla,30000.0,emitido,2025-08-21
T0001268,E003,C1659,VIP,85000.0,emitido,2025-08-14
T0001269,E001,C1660,Graderia,15000.0,emitido,2025-08-18
T0001270,E001,C1663,Graderia,15000.0,emitido,2025-08-20
T0001271,E002,C1666,Gramilla,35000.0,emitido,2025-07-28
T0001272,E002,C1667,Graderia,20000.0,emitido,2025-08-14
T0001273,E002,C1667,Gramilla,35000.0,emitido,2025-07-26
T0001274,E003,C1668,VIP,85000.0,emitido,2025-07-28
T0001275,E003,C1668,Graderia,18000.0,emitido,2025-08-21
T0001276,E003,C1670,Graderia,18000.0,emitido,2025-08-14
T0001277,E003,C1671,Graderia,18000.0,emitido,2025-08-24
T0001278,E002,C1673,Gramilla,35000.0,emitido,2025-08-15
T0001279,E001,C1673,Graderia,15000.0,emitido,2025-07-31
T0001280,E003,C1674,VIP,85000.0,emitido,2025-07-28
T0001281,E002,C1675,Gramilla,35000.0,emitido,2025-08-06
T0001282,E003,C1676,Gramilla,32000.0,emitido,2025-08-14
T0001283,E002,C1677,Gramilla,35000.0,emitido,2025-08-09
T0001284,E002,C1680,Gramilla,35000.0,emitido,2025-07-31
T0001285,E001,C1681,VIP,80000.0,emitido,2025-08-11
T0001286,E002,C1683,Gramilla,35000.0,emitido,2025-07-27
T0001287,E001,C1685,Graderia,15000.0,emitido,2025-08-09
T0001288,E002,C1686,Gramilla,35000.0,emitido,2025-08-15
T0001289,E002,C1687,Graderia,20000.0,emitido,2025-08-10
T0001290,E001,C1688,Graderia,15000.0,emitido,2025-08-17
T0001291,E003,C1690,Gramilla,32000.0,emitido,2025-08-05
T0001292,E001,C1691,Graderia,15000.0,emitido,2025-08-23
T0001293,E002,C1692,Graderia,20000.0,emitido,2025-08-15
T0001294,E003,C1693,Gramilla,32000.0,emitido,2025-08-19
T0001295,E002,C1700,Gramilla,35000.0,emitido,2025-08-13
T0001296,E001,C1704,VIP,80000.0,emitido,2025-08-18
T0001297,E002,C1705,Graderia,20000.0,emitido,2025-08-07
T0001298,E002,C1709,Gramilla,35000.0,emitido,2025-08-12
T0001299,E003,C1709,Graderia,18000.0,emitido,2025-08-11
T0001300,E002,C1710,Graderia,20000.0,emitido,2025-07-29
T0001301,E001,C1711,Graderia,15000.0,emitido,2025-08-04
T0001302,E002,C1711,Graderia,20000.0,emitido,2025-08-12
T0001303,E003,C1712,Gramilla,32000.0,emitido,2025-08-15
T0001304,E003,C1712,Graderia,18000.0,emitido,2025-07-31
T0001305,E002,C1713,Gramilla,35000.0,emitido,2025-07-31
T0001306,E003,C1718,Graderia,18000.0,emitido,2025-08-10
T0001307,E002,C1719,Gramilla,35000.0,emitido,2025-08-16
T0001308,E003,C1720,Graderia,18000.0,emitido,2025-07-30
T0001309,E001,C1722,VIP,80000.0,emitido,2025-08-13
T0001310,E003,C1723,Gramilla,32000.0,emitido,2025-08-11
T0001311,E001,C1724,Graderia,15000.0,emitido,2025-07-27
T0001312,E001,C1725,Graderia,15000.0,emitido,2025-08-12
T0001313,E001,C1726,Graderia,15000.0,emitido,2025-08-19
T0001314,E003,C1727,Graderia,18000.0,emitido,2025-08-06
T0001315,E003,C1727,VIP,85000.0,emitido,2025-08-07
T0001316,E002,C1728,Graderia,20000.0,emitido,2025-08-25
T0001317,E003,C1730,Gramilla,32000.0,emitido,2025-08-09
T0001318,E002,C1730,VIP,90000.0,emitido,2025-07-28
T0001319,E001,C1731,Gramilla,30000.0,emitido,2025-08-16
T0001320,E002,C1734,Graderia,20000.0,emitido,2025-07-30
T0001321,E001,C1734,Graderia,15000.0,emitido,2025-08-20
T0001322,E001,C1737,Gramilla,30000.0,emitido,2025-08-22
T0001323,E002,C1737,Gramilla,35000.0,emitido,2025-08-24
T0001324,E002,C1738,VIP,90000.0,emitido,2025-08-08
T0001325,E002,C1738,Gramilla,35000.0,emitido,2025-08-23
T0001326,E003,C1741,Graderia,18000.0,emitido,2025-08-14
T0001327,E002,C1742,Graderia,20000.0,emitido,2025-08-20
T0001328,E002,C1743,Graderia,20000.0,emitido,2025-08-05
T0001329,E001,C1746,Graderia,15000.0,emitido,2025-08-25
T0001330,E001,C1747,Graderia,15000.0,emitido,2025-08-02
T0001331,E001,C1748,Gramilla,30000.0,emitido,2025-08-18
T0001332,E002,C1750,Gramilla,35000.0,emitido,2025-08-20
T0001333,E003,C1753,Graderia,18000.0,emitido,2025-08-23
T0001334,E002,C1755,Graderia,20000.0,emitido,2025-08-19
T0001335,E001,C1758,Gramilla,30000.0,emitido,2025-07-31
T0001336,E003,C1759,VIP,85000.0,emitido,2025-08-13
T0001337,E001,C1761,Gramilla,30000.0,emitido,2025-08-01
T0001338,E001,C1762,Graderia,15000.0,emitido,2025-08-25
T0001339,E002,C1763,Gramilla,35000.0,emitido,2025-08-04
T0001340,E003,C1763,Graderia,18000.0,emitido,2025-07-26
T0001341,E002,C1767,Gramilla,35000.0,emitido,2025-07-30
T0001342,E001,C1768,Gramilla,30000.0,emitido,2025-07-27
T0001343,E001,C1769,Graderia,15000.0,emitido,2025-08-22
T0001344,E002,C1769,Graderia,20000.0,emitido,2025-08-25
T0001345,E002,C1770,Graderia,20000.0,emitido,2025-08-18
T0001346,E003,C1771,Gramilla,32000.0,emitido,2025-08-24
T0001347,E001,C1771,VIP,80000.0,emitido,2025-08-12
T0001348,E001,C1772,Gramilla,30000.0,emitido,2025-07-31
T0001349,E003,C1775,Graderia,18000.0,emitido,2025-08-05
T0001350,E003,C1775,Graderia,18000.0,emitido,2025-07-27
T0001351,E003,C1778,Graderia,18000.0,emitido,2025-07-29
T0001352,E003,C1780,Graderia,18000.0,emitido,2025-08-09
T0001353,E001,C1782,Graderia,15000.0,emitido,2025-08-06
T0001354,E002,C1784,Gramilla,35000.0,emitido,2025-08-06
T0001355,E002,C1785,Graderia,20000.0,emitido,2025-08-21
T0001356,E001,C1786,VIP,80000.0,emitido,2025-08-06
T0001357,E001,C1788,Graderia,15000.0,emitido,2025-08-05
T0001358,E001,C1788,Gramilla,30000.0,emitido,2025-08-12
T0001359,E003,C1790,Graderia,18000.0,emitido,2025-08-18
T0001360,E003,C1791,VIP,85000.0,emitido,2025-07-31
T0001361,E002,C1795,Gramilla,35000.0,emitido,2025-08-23
T0001362,E003,C1797,VIP,85000.0,emitido,2025-07-26
T0001363,E003,C1798,Gramilla,32000.0,emitido,2025-07-31
T0001364,E003,C1800,Graderia,18000.0,emitido,2025-08-20
T0001365,E001,C1802,Graderia,15000.0,emitido,2025-08-07
T0001366,E002,C1803,VIP,90000.0,emitido,2025-08-10
T0001367,E002,C1804,Graderia,20000.0,emitido,2025-08-10
T0001368,E002,C1804,Graderia,20000.0,emitido,2025-08-06
T0001369,E001,C1809,Gramilla,30000.0,emitido,2025-07-27
T0001370,E003,C1810,Gramilla,32000.0,emitido,2025-08-17
T0001371,E002,C1811,Graderia,20000.0,emitido,2025-08-06
T0001372,E003,C1812,Graderia,18000.0,emitido,2025-08-21
T0001373,E003,C1814,Gramilla,32000.0,emitido,2025-08-10
T0001374,E002,C1814,VIP,90000.0,emitido,2025-07-26
T0001375,E002,C1815,Graderia,20000.0,emitido,2025-08-05
T0001376,E001,C1817,Graderia,15000.0,emitido,2025-08-07
T0001377,E001,C1817,Graderia,15000.0,emitido,2025-08-12
T0001378,E003,C1821,Gramilla,32000.0,emitido,2025-08-03
T0001379,E002,C1822,Gramilla,35000.0,emitido,2025-08-18
T0001380,E002,C1823,Gramilla,35000.0,emitido,2025-08-04
T0001381,E001,C1823,Gramilla,30000.0,emitido,2025-08-05
T0001382,E003,C1824,Graderia,18000.0,emitido,2025-08-18
T0001383,E003,C1828,Gramilla,32000.0,emitido,2025-08-13
T0001384,E002,C1828,Gramilla,35000.0,emitido,2025-07-28
T0001385,E002,C1829,Graderia,20000.0,emitido,2025-08-12
T0001386,E002,C1829,Gramilla,35000.0,emitido,2025-08-09
T0001387,E002,C1832,Gramilla,35000.0,emitido,2025-07-27
T0001388,E002,C1834,Gramilla,35000.0,emitido,2025-08-17
T0001389,E001,C1837,Gramilla,30000.0,emitido,2025-08-25
T0001390,E002,C1838,Gramilla,35000.0,emitido,2025-08-05
T0001391,E002,C1838,Gramilla,35000.0,emitido,2025-08-20
T0001392,E001,C1839,Graderia,15000.0,emitido,2025-08-20
T0001393,E003,C1840,Gramilla,32000.0,emitido,2025-08-20
T0001394,E001,C1841,Graderia,15000.0,emitido,2025-07-28
T0001395,E001,C1843,VIP,80000.0,emitido,2025-08-20
T0001396,E001,C1843,Graderia,15000.0,emitido,2025-08-13
T0001397,E001,C1844,Gramilla,30000.0,emitido,2025-08-10
T0001398,E001,C1845,Graderia,15000.0,emitido,2025-08-01
T0001399,E001,C1845,Gramilla,30000.0,emitido,2025-07-31
T0001400,E001,C1847,Graderia,15000.0,emitido,2025-08-09
T0001401,E002,C1851,Graderia,20000.0,emitido,2025-08-04
T0001402,E002,C1857,VIP,90000.0,emitido,2025-07-31
T0001403,E003,C1858,Graderia,18000.0,emitido,2025-07-30
T0001404,E003,C1860,Graderia,18000.0,emitido,2025-08-03
T0001405,E003,C1862,Gramilla,32000.0,emitido,2025-08-10
T0001406,E001,C1863,VIP,80000.0,emitido,2025-07-26
T0001407,E001,C1865,VIP,80000.0,emitido,2025-08-02
T0001408,E003,C1866,Graderia,18000.0,emitido,2025-08-02
T0001409,E002,C1868,VIP,90000.0,emitido,2025-07-29
T0001410,E003,C1870,Graderia,18000.0,emitido,2025-08-21
T0001411,E001,C1875,Graderia,15000.0,emitido,2025-08-04
T0001412,E001,C1878,Graderia,15000.0,emitido,2025-08-08
T0001413,E001,C1878,Graderia,15000.0,emitido,2025-08-20
T0001414,E003,C1881,Graderia,18000.0,emitido,2025-07-27
T0001415,E002,C1885,VIP,90000.0,emitido,2025-08-04
T0001416,E003,C1886,Gramilla,32000.0,emitido,2025-08-10
T0001417,E001,C1887,VIP,80000.0,emitido,2025-08-01
T0001418,E003,C1889,Gramilla,32000.0,emitido,2025-08-02
T0001419,E003,C1890,VIP,85000.0,emitido,2025-08-12
T0001420,E001,C1892,Graderia,15000.0,emitido,2025-08-15
T0001421,E002,C1896,VIP,90000.0,emitido,2025-08-07
T0001422,E001,C1898,Gramilla,30000.0,emitido,2025-08-12
T0001423,E003,C1899,VIP,85000.0,emitido,2025-08-21
T0001424,E001,C1900,Graderia,15000.0,emitido,2025-08-25
T0001425,E001,C1901,Gramilla,30000.0,emitido,2025-08-16
T0001426,E003,C1903,Graderia,18000.0,emitido,2025-08-02
T0001427,E003,C1907,Graderia,18000.0,emitido,2025-07-29
T0001428,E002,C1909,Graderia,20000.0,emitido,2025-07-26
T0001429,E002,C1909,Graderia,20000.0,emitido,2025-07-31
T0001430,E001,C1910,Gramilla,30000.0,emitido,2025-07-27
T0001431,E001,C1910,Gramilla,30000.0,emitido,2025-08-24
T0001432,E001,C1915,VIP,80000.0,emitido,2025-08-08
T0001433,E002,C1915,Graderia,20000.0,emitido,2025-08-04
T0001434,E002,C1916,Graderia,20000.0,emitido,2025-08-09
T0001435,E003,C1918,VIP,85000.0,emitido,2025-08-13
T0001436,E001,C1918,Graderia,15000.0,emitido,2025-08-01
T0001437,E002,C1921,Graderia,20000.0,emitido,2025-08-20
T0001438,E003,C1921,Graderia,18000.0,emitido,2025-08-03
T0001439,E001,C1922,Graderia,15000.0,emitido,2025-08-02
T0001440,E001,C1922,Gramilla,30000.0,emitido,2025-08-25
T0001441,E001,C1923,Gramilla,30000.0,emitido,2025-07-29
T0001442,E001,C1923,Graderia,15000.0,emitido,2025-08-12
T0001443,E002,C1925,VIP,90000.0,emitido,2025-08-20
T0001444,E002,C1927,Gramilla,35000.0,emitido,2025-08-21
T0001445,E001,C1929,Graderia,15000.0,emitido,2025-08-16
T0001446,E003,C1933,Gramilla,32000.0,emitido,2025-08-01
T0001447,E002,C1934,Graderia,20000.0,emitido,2025-08-05
T0001448,E002,C1934,Graderia,20000.0,emitido,2025-08-22
T0001449,E003,C1935,Gramilla,32000.0,emitido,2025-08-09
T0001450,E003,C1936,Graderia,18000.0,emitido,2025-08-03
T0001451,E003,C1939,Gramilla,32000.0,emitido,2025-08-16
T0001452,E001,C1940,Gramilla,30000.0,emitido,2025-07-29
T0001453,E001,C1942,Graderia,15000.0,emitido,2025-07-30
T0001454,E003,C1942,Gramilla,32000.0,emitido,2025-08-09
T0001455,E003,C1943,Gramilla,32000.0,emitido,2025-07-30
T0001456,E003,C1945,VIP,85000.0,emitido,2025-08-20
T0001457,E003,C1945,Gramilla,32000.0,emitido,2025-08-25
T0001458,E001,C1946,Graderia,15000.0,emitido,2025-08-07
T0001459,E001,C1946,Gramilla,30000.0,emitido,2025-08-23
T0001460,E001,C1947,Graderia,15000.0,emitido,2025-08-22
T0001461,E003,C1947,Graderia,18000.0,emitido,2025-07-26
T0001462,E003,C1948,Graderia,18000.0,emitido,2025-08-16
T0001463,E002,C1949,Gramilla,35000.0,emitido,2025-08-11
T0001464,E001,C1949,Gramilla,30000.0,emitido,2025-08-03
T0001465,E002,C1950,Gramilla,35000.0,emitido,2025-08-09
T0001466,E001,C1950,Gramilla,30000.0,emitido,2025-08-04
T0001467,E002,C1952,VIP,90000.0,emitido,2025-08-19
T0001468,E001,C1955,Gramilla,30000.0,emitido,2025-08-12
T0001469,E002,C1956,Gramilla,35000.0,emitido,2025-08-20
T0001470,E002,C1957,Gramilla,35000.0,emitido,2025-07-26
T0001471,E003,C1959,Graderia,18000.0,emitido,2025-08-05
T0001472,E003,C1961,Gramilla,32000.0,emitido,2025-08-09
T0001473,E002,C1963,Graderia,20000.0,emitido,2025-07-26
T0001474,E001,C1965,Gramilla,30000.0,emitido,2025-08-12
T0001475,E002,C1966,VIP,90000.0,emitido,2025-08-01
T0001476,E001,C1967,Graderia,15000.0,emitido,2025-08-22
T0001477,E002,C1967,VIP,90000.0,emitido,2025-08-18
T0001478,E001,C1968,Graderia,15000.0,emitido,2025-08-02
T0001479,E001,C1970,Gramilla,30000.0,emitido,2025-08-03
T0001480,E003,C1970,VIP,85000.0,emitido,2025-08-08
T0001481,E001,C1971,Graderia,15000.0,emitido,2025-07-26
T0001482,E003,C1973,VIP,85000.0,emitido,2025-08-08
T0001483,E003,C1973,Gramilla,32000.0,emitido,2025-07-29
T0001484,E002,C1974,Graderia,20000.0,emitido,2025-08-09
T0001485,E002,C1977,Graderia,20000.0,emitido,2025-08-02
T0001486,E003,C1979,Gramilla,32000.0,emitido,2025-08-03
T0001487,E002,C1979,Graderia,20000.0,emitido,2025-08-14
T0001488,E002,C1981,Gramilla,35000.0,emitido,2025-08-03
T0001489,E002,C1984,Graderia,20000.0,emitido,2025-08-15
T0001490,E001,C1984,Gramilla,30000.0,emitido,2025-08-23
T0001491,E003,C1987,Graderia,18000.0,emitido,2025-07-27
T0001492,E002,C1988,Gramilla,35000.0,emitido,2025-07-27
T0001493,E003,C1988,Graderia,18000.0,emitido,2025-08-10
T0001494,E003,C1989,Gramilla,32000.0,emitido,2025-08-13
T0001495,E001,C1989,Gramilla,30000.0,emitido,2025-07-27
T0001496,E003,C1991,Gramilla,32000.0,emitido,2025-08-18
T0001497,E001,C1998,Gramilla,30000.0,emitido,2025-07-28
